Original Sentence,Gold Sentence
Kasunod na rin ito ng ulat na isang 2-taong gulang na batang lalaki ang nagka-COVID tatlong araw matapos na bumisita sa mall?,Kasunod na rin ito ng ulat na isang 2-taong gulang na batang lalaki ang nagka-COVID tatlong araw matapos na bumisita sa mall.
Ibang iba siya rito kung ikumpara sa hosting niya sa Amazing Earth na infotainment at kailangang accurate lahat ang mga sinasabi dahil nagbibigay siya nang tamang impormasyon sa mga manonood,Ibangiba siya rito kung ikumpara sa hosting niya sa Amazing Earth na infotainment at kailangang accurate lahat ang mga sinasabi dahil nagbibigay siya nang tamang impormasyon sa mga manonood
Noong magbirthday si Bella noong isang araw inilabas ni Joshua na niregaluhan niya ng isang bracelet ang vlogger at may suot din siyang identical bracelet na Chrisian Dior,Noong magbirthday si Bella noong isang araw inilabas ni Joshua na niregaluhan niya ng isang bracelet ang vlogger at may suot din siyang identical bracelet na Chrisian Dior
Ayon kay Atty ROMULO Macalintal abogado ni Robredo hindi pa nila nakikita ang kopya ng desisyon,Ayon kay Atty Romulo Macalintal abogado ni Robredo hindi pa nila nakikita ang kopya ng desisyon
Wala na siyang regular show wala siyang trabaho kaya palagi na lang siyang rumarampa sa isang isla,Wala na siyang regular show wala siyang trabaho kaya palagi na lang siyang rumarampa sa isang isla
Samantala ibinasura rin ng piskalya ang kasong perjury laban kina Galido Dela Serna Rapinan Chen at Louis De Lima,Samantala ibinasura din ng piskalya ang kasong perjury laban kina Galido Dela Serna Rapinan Chen at Louis De Lima
Lagi kong katuwiran basta gusto kong gawin at wala akong nasagasaang tao ginagawa ko dahil gusto ko,Lagi kong katuwiran basta gusto kong gawin at wala akong nasagasaang tao gagawin ko dahil gusto ko
Kasalukuyang lumaban si Donaire sa bantamweight division,Kasalukuyang lumalaban si Donaire sa bantamweight division
And hindi lang sa skills na yan kundi sa kung paano niya dalhin ang kaniyang sarili sa Instagram paano niya ibenta ang kaniyang mga produkto bilib nabilib ako sa kaniya,And hindi lang sa skills na yan kundi sa kung paano niya dalhin ang kaniyang sarili sa Instagram paano niya ibenta ang kaniyang mga produkto bilib na bilib ako sa kaniya
Pero dahil na din sa kakapusan sa pinansiyal ng pamilya ng biktima hindi na sila magsasampa ng reklamo laban sa rider basta sagutin nito ang lahat ng gastusin sa pagpapalibing kay Pastoral,Pero dahil na rin sa kakapusan sa pinansiyal ng pamilya ng biktima hindi na sila magsasampa ng reklamo laban sa rider basta sagutin nito ang lahat ng gastusin sa pagpapalibing kay Pastoral
Aminado ang host ng programa na si Jessica Soho na takot din siya sa mga multo at MGA kababalaghan,Aminado ang host ng programa na si Jessica Soho na takot din siya sa mga multo at mga kababalaghan
Ta pos nafeel ko na ‘Ay,Tapos na feel ko na ‘Ay
Nakatatanggap na rin niya ng mga endorsement,Nakatatanggap na rin siya ng mga endorsement
Tapos sinabi KO sa kanya ‘Pakiramdam ko hindi mo ako naaappreciate’,Tapos sinabi ko sa kanya ‘Pakiramdam ko hindi mo ako naaappreciate’
Sa video ng AgenceFrance Presse makikita ang mga tao na umiindak sa maingay ng tugtog at ma lilikot na ilaw sa nightclub,Sa video ng AgenceFrance Presse makikita ang mga tao na umiindak sa maingay ng tugtog at malilikot na ilaw sa nightclub
Nawawala pa ang puso ni ni Carla Abellana,Nawawala pa ang puso ni Carla Abellana
Dispensa ang kahihingi ngayon ng Communist Party of the Philippines at New Peoples Army CPPNPA matapos masawi ang isang atletat kanyang pinsan kaugnay ng ikinasang aksyong militar ng mga rebelde nitong Linggo,Dispensa ang hinihingi ngayon ng Communist Party of the Philippines at New Peoples Army CPPNPA matapos masawi ang isang atletat kanyang pinsan kaugnay ng ikinasang aksyong militar ng mga rebelde nitong Linggo
ganoon din naman kasi ang reaksiyon ng fans ni Julia na ang karamihan naman pala ay nakasuporta lamang sa kanya dahil sa love team nila noon ni Joshua Garcia Ang ending mas sumikat si Joshua nang magsolo samantalang hindi naman maikakaila na bumaba ang popularidad ni Julia,Ganoon din naman kasi ang reaksiyon ng fans ni Julia na ang karamihan naman pala ay nakasuporta lamang sa kanya dahil sa love team nila noon ni Joshua Garcia Ang ending mas sumikat si Joshua nang magsolo samantalang hindi naman maikakaila na bumaba ang popularidad ni Julia
Ang programa ay naglalayong magbigay ng karagdagang pondo sa mga LGUs na makikipagkilala bilang mahirap disadvantaged at nahuhuli upang suportahan ang pagpapatupad ng kanilang mga prayoridad na proyekto at serbisyo,Ang programa ay naglalayong magbigay ng karagdagang pondo sa mga LGUs na kinilala bilang mahirap disadvantaged at nahuhuli upang suportahan ang pagpapatupad ng kanilang mga prayoridad na proyekto at serbisyo
Samantala sa Telesine Presents tunghayan naman ang kuwento ni Aldea Anne curtis isang babaeng kuba na nakatira kasama ang kanyang minamahal na ama,Samantala sa Telesine Presents tunghayan naman ang kuwento ni Aldea Anne Curtis isang babaeng kuba na nakatira kasama ang kanyang minamahal na ama
Ito ang inihayag ni Partido Reporma standardbearer Ping Lacson na isa sa katunayan ni to ang kapwa niya Caviteño na si Josh Mojica,Ito ang inihayag ni Partido Reporma standardbearer Ping Lacson na isa sa katunayan nito ang kapwa niya Caviteño na si Josh Mojica
Habang hiniling naman nang grupo ng mga healthcare professional at mga professor kay Pangulong Bongbong Marcos Jr,Habang hiniling naman ng grupo ng mga healthcare professional at mga professor kay Pangulong Bongbong Marcos Jr
Noong mga months na po after namin magusap sabi niya po napapanood ni ya ako sa Sherlock Jr,Noong mga months na po after namin magusap sabi niya po napapanood niya ako sa Sherlock Jr
Inireport sa kanila ng local manufacturer ang resulta ng lab test kung saan walang nakitang ethylene oxide sa mga sample na ipinadala para sa mga sinusunod na variant Pancit canton extra hot chili pancit canton regular pancit canton chilimansi at instant mami beef regular,Inireport sa kanila ng local manufacturer ang resulta ng lab test kung saan walang nakitang ethylene oxide sa mga sample na ipinadala para sa mga sumusunod na variant Pancit canton extra hot chili pancit canton regular pancit canton chilimansi at instant mami beef regular
Kaugnay kaugnay ang pahayag matapos mapagdesisyunan ng National Task Force to End Local Communist Armed Conflict NTFELCAC na hindi irekomenda kay Marcos Jr,Kaugnay ang pahayag matapos mapagdesisyunan ng National Task Force to End Local Communist Armed Conflict NTFELCAC na hindi irekomenda kay Marcos Jr
Kaya siguro siya tinatanim ng sama ng loob at pinagplanuhan nila na patayin si mama niya,Kaya siguro siya nagtanim ng sama ng loob at pinagplanuhan nila na patayin si mama niya
Dahil dito nabigyan niya ng regalo ng nasabing programa ng batikang brodkaster na si Noli de Casto,Dahil dito nabigyan siya ng regalo ng nasabing programa ng batikang brodkaster na si Noli de Casto
Camp VICENTE LIM Laguna Philippines — Isinailalim na ang bayan ng Pola sa Oriental Mindoro sa state of calamity dahil sa nararanasang oil spill sa kanilang karagatan matapos ang paglubog ng motor tanker Princess Empress malapit saboundary ng Naujan,Camp VICENTE LIM Laguna Philippines — Isinailalim na ang bayan ng Pola sa Oriental Mindoro sa state of calamity dahil sa nararanasang oil spill sa kanilang karagatan matapos ang paglubog ng motor tanker Princess Empress malapit sa boundary ng Naujan
Sabi ng isang nakausap namin Matayog ang lipad ng saranggola ni Yorme Isko Nakakatakot nakakabahala dahil kung gaano kataas ang paglipad ganun din kalakas ang paglagapak,Sabi ng isang nakausap namin Matayog ang lipad ng saranggola ni Yorme Isko Nakakatakot nakakabahala dahil kung gaano kataas ang paglipad ganun din kalakas ang paglagapak
Sinabihan umano si Crisanto na siya ang itinalaga na magiging bagong hari na itatayo ng bagong kulto,Sinabihan umano si Crisanto na siya ang itinalaga na magiging bagong hari na magtatayo ng bagong kulto
Halos kasabay ito ng isa ring bill na kung saan siya din ang nagcoauthor kina Cong,Halos kasabay ito ng isa ring bill na kung saan siya rin ang nagcoauthor kina Cong
Kadadalaw rin ang grupo nila sa Philippine Consulate sa lugar na yon,Dumalaw rin ang grupo nila sa Philippine Consulate sa lugar na yon
Iilanlang silang nandun sa ituktok,Iilan lang silang nandun sa ituktok
Ayon sa kapatid ng isa sa tatlong dalagitang naglalakad bibili lang daw ng yelo ang mga ito nang tamaan sila ng ng van,Ayon sa kapatid ng isa sa tatlong dalagitang naglalakad bibili lang daw ng yelo ang mga ito nang tamaan sila ng van
Gumagawa ng guidelines ngayon ang DOH kung paano yong interchangeability o mixing ng vaccines in case the second dose cannot be given na identical roon sa first dose ayon kay Domingo,Gumagawa ng guidelines ngayon ang DOH kung paano yong interchangeability o mixing ng vaccines in case the second dose cannot be given na identical doon sa first dose ayon kay Domingo
Sinabi ng Presidente na niya mismo ang maggagarantiya sa mga Pilipino na mas mahusay ang pinili nilang bakunang ibibigay sa mga tao,Sinabi ng Presidente na siya mismo ang maggagarantiya sa mga Pilipino na mas mahusay ang pinili nilang bakunang ibibigay sa mga tao
Magpapatuloy ang palitan ng radio challenges ng PCG Cessna at ng barko ng CCG,Nagpatuloy ang palitan ng radio challenges ng PCG Cessna at ng barko ng CCG
Bagamat ipinangako umano ng caretaker ng resort na babantayan siya ang mga itlog ng pawikan ay nangangamba pa rin ang mga bisita sa kalagayan ng mga itlog,Bagamat ipinangako umano ng caretaker ng resort na babantayan niya ang mga itlog ng pawikan ay nangangamba pa rin ang mga bisita sa kalagayan ng mga itlog
Sa isang pahayag sinabi ng DBM na tinatapos na nito ang plano para sa tinatawag nitong ‘rightsizing’ ng pamahalaan at nakatakdang isumite ito sa Kongreso bago magState of the Nation Address si Pangulong Ferdinand Marcos Jr,Sa isang pahayag sinabi ng DBM na tinatapos na nito ang plano para sa tinatawag nitong ‘rightsizing’ ng pamahalaan at nakatakdang isumite ito sa Kongreso bago magState of the Nation Address si Pangulong Ferdinand Marcos Jr
Maaari pa anilang magbago ang naturang bilang ng mga kaso sa lungsoddahil na rin sa isinasagawang communitybased testing,Maaari pa anilang magbago ang naturang bilang ng mga kaso sa lungsod dahil na rin sa isinasagawang communitybased testing
Funny nga dahil yung time na yun na nagkaroon kami ng first gathering with everyone sa cast nasa isang restaurant kami usually ang restaurant magkakatabi kayo tapos kumakain kayosa isang table,Funny nga dahil yung time na yun na nagkaroon kami ng first gathering with everyone sa cast nasa isang restaurant kami usually ang restaurant magkakatabi kayo tapos kumakain kayo sa isang table
Pagdating ng Agosto ikokonsidera ang physical classes sa mga lugar na maymababang bilang ng impeksiyon,Pagdating ng Agosto ikokonsidera ang physical classes sa mga lugar na may mababang bilang ng impeksiyon
Nagsasabi pa ng aktres na smart decision ang pagtanggap niya sa mapangahas na role bilang night club dancer sa Burlesque Queen mula sa kaniyang sweet image,Sinabi pa ng aktres na smart decision ang pagtanggap niya sa mapangahas na role bilang night club dancer sa Burlesque Queen mula sa kaniyang sweet image
Hanggang nung nagkausap na nila ni Mr Joey Abacan doon na raw sila nagkalinawan at malungkot siyang nagpaalam na hindi na niya mapipirmahan ito,Hanggang nung nagkausap na sila ni Mr Joey Abacan doon na raw sila nagkalinawan at malungkot siyang nagpaalam na hindi na niya mapipirmahan ito
Ang nagutos sa amin na palitan ‘yun ay si Ma’am Krizle Grace Mago ayon sa empleyado,Ang nagutos sa amin na palitan ‘yun ay si Ma’am Krizle Grace Mago ayon sa empleyado
Dadalhin rin nina KZ Tandingan at Yeng Constantino ang live musical experience sa mga tahanan sa kanikanilang digital concerts,Dadalhin din nina KZ Tandingan at Yeng Constantino ang live musical experience sa mga tahanan sa kanikanilang digital concerts
Batangas Philippines —Inaresto ng mga tauhan tauhan ng Calaca Municipal Police Station ang walong katao nasangkot sa pangangalakal ng mga pilfered petroleum products sa Barangay Salong Calaca City nitong Lunes ng umaga,Batangas Philippines —Inaresto ng mga tauhan ng Calaca Municipal Police Station ang walong katao nasangkot sa pangangalakal ng mga pilfered petroleum products sa Barangay Salong Calaca City nitong Lunes ng umaga
Inalala ni nay Cristy ang naibahagi siya sa tagapakinig niya at nagbabasa ng mga kolum niya na tumakbo isang gabing umuulan si Barbie Imperial sa bahay nila sa Antipolo Sinundan daw ito ni Diego at pinilit na pumasok sa bahay nila,Inalala ni nay Cristy ang naibahagi niya sa tagapakinig niya at nagbabasa ng mga kolum niya na tumakbo isang gabing umuulan si Barbie Imperial sa bahay nila sa Antipolo Sinundan daw ito ni Diego at pinilit na pumasok sa bahay nila
Pero sa takbo ng mga pangyayaring tuluytuloy ang pagsurge ng COVID cases hindi pa masasabi kung kaya na ba nilang magtaping sa studio,Pero sa takbo ng mga pangyayaring tuluytuloy ang pagsurge ng COVID cases hindi pa masasabi kung kaya na ba nilang magtaping sa studio
Ok daw pero mas bongga raw kung lalantad siyang preggy na or kung sinabi niyang magpapakasal na sila ni Gerald Anderson,Ok daw pero mas bongga raw kung lalantad siyang preggy na or kung sasabihin niyang magpapakasal na sila ni Gerald Anderson
Kung para sa kanila hindi nila kayang makita ang mga mukha namin nina Salve at Gorgy fine no problem,Kung para sa kanila hindi nila kayang makita ang mga mukha namin nina Salve at Gorgy fine no problem
SINASABI ko wala naman akong kontrata Wala naman akong exclusive contract sa inyo bakit babawalan akong gumawa sa iba,Sinasabi ko wala naman akong kontrata Wala naman akong exclusive contract sa inyo bakit babawalan akong gumawa sa iba
Ito aymatapos patawan ng Timberwolves ng onegame suspension si center Rudy Gobert bago ang kanilang laro,Ito ay matapos patawan ng Timberwolves ng onegame suspension si center Rudy Gobert bago ang kanilang laro
Patuloy ng aming source Kasi nga porke magaling siyang maghost ang akala niya e niya na ang pinakamagaling,Patuloy ng aming source Kasi nga porke magaling siyang maghost ang akala niya e siya na ang pinakamagaling
Nataranta si Buboy nang magaway sina Ruru at Bianca Umali dahil sa selos Yun pala prank lang nila ito sa komedyante,Nataranta si Buboy nang magaway sina Ruru at Bianca Umali dahil sa selos Yun pala prank lang nila ito sa komedyante
Matagal din itinago kung anuman ang relasyon ng dalawa kung totoo ngang meron itong paglabas sila together para na ring validation na totoo nga they are in a relationship,Matagal din itinago kung anuman ang relasyon ng dalawa kung totoo ngang meron itong paglabas nila together para na ring validation na totoo nga they are in a relationship
May naimbento na rin daw KAYANG nakapagpapagaling na gamot para mipamahagi sa mga tagahanga nina Alden Richards at Maine Mendoza,May naimbento na rin daw kayang nakapagpapagaling na gamot para mipamahagi sa mga tagahanga nina Alden Richards at Maine Mendoza
Hanggang ngayon siya yung sumasama sa amin sa sa ocular sa kasal,Hanggang ngayon siya yung sumasama sa amin sa ocular sa kasal
Unang umalma dito si Manila Mayor Isko Moreno na magpasaring kay Mayor Sara na hindi pa panahon ng eleksyon kaya ang mga mayor ay dapat nasa kanilang lugar at hindi pa nangangampanya,Unang umalma rito si Manila Mayor Isko Moreno na magpasaring kay Mayor Sara na hindi pa panahon ng eleksyon kaya ang mga mayor ay dapat nasa kanilang lugar at hindi pa nangangampanya
Sabi nga nila it’s not the destination its the journey kumbaga kahit na gaano pa kahirap yung pinagdaanan mo kung hindi mo nanamnamin yun parang wala din yung pagkanakarating ka sa dulo,Sabi nga nila it’s not the destination its the journey kumbaga kahit na gaano pa kahirap yung pinagdaanan mo kung hindi mo nanamnamin yun parang wala rin yung pagkanakarating ka sa dulo
So ngayon Tito Boy magiisang taonmahigit na rin po kami,So ngayon Tito Boy magiisang taon mahigit na rin po kami
Inihayag din ni Joey na asahan na mas malawak pa ang pagbabagong hinahanap sa Eat Bulaga na hindi lang sa mga kontes kung hindi maging sa pagtulong at pagsusulong ng pagasa,Inihayag din ni Joey na asahan na mas malawak pa ang pagbabagong hinahanap sa Eat Bulaga na hindi lang sa mga kontes kung hindi maging sa pagtulong at pagsusulong ng pagasa
Napapag usapan na ang pagkakaroon daw ng book two nito na magiging First Lady na ang title dahil asawa na siya ng pangulo ng bansa na si Pres Glen Acosta,Napapagusapan na ang pagkakaroon daw ng book two nito na magiging First Lady na ang title dahil asawa na siya ng pangulo ng bansa na si Pres Glen Acosta
Makikipagpulong din si Marcos sa mga pinuno ng negosyanteng thai sa sideline ng APEC upang imbitahan sila na mamuhunan sa bansa at talakayin ang agenda sa ekonomiya ng administrasyon,Makikipagpulong din si Marcos sa mga pinuno ng negosyanteng Thai sa sideline ng APEC upang imbitahan sila na mamuhunan sa bansa at talakayin ang agenda sa ekonomiya ng administrasyon
Sinabi ni Bautista na ang opisyal aniya ay dumating sa kanyang teritoryo kasama ang anakgaling sa Los Baños City Laguna bago magPasko,Sinabi ni Bautista na ang opisyal aniya ay dumating sa kanyang teritoryo kasama ang anakgaling sa Los Baños City Laguna bago magPasko
Naku Salve natatakot si Gorgy dahil narinig niya naisang fan club ang magrereport sa Instagram account ko,Naku Salve natatakot si Gorgy dahil narinig niya na isang fan club ang magrereport sa Instagram account ko
Presyo ng pagkain ayon pa sa opisyal ang pinakabanta sa inflation ngunit may epekto din ang pesodollar rate sa presyo ng pagkain dahil sa krudo at transportasyon,Presyo ng pagkain ayon pa sa opisyal ang pinakabanta sa inflation ngunit may epekto rin ang pesodollar rate sa presyo ng pagkain dahil sa krudo at transportasyon
Doon po inuumpisahan na napunta ako sa panggagamot paliwanag niya,Doon po nagumpisa na napunta ako sa panggagamot paliwanag niya
Maging totoo man tayo ay hindi nangangahulugang mauunawaan tayo ng lahat,Maging totoo man tayo ay hindi nangangahulugang mauunawaan tayo ng lahat
Dumangas Iloilo sa kasong murder na walang inirekomendang piyansa para sa pansamantala nitong kalayaan,Dumangas Iloilo sa kasong murder na walang inirekomendang piyansa para sa pansamantala nitong kalayaan
Siguro isa yun sa bastos na natanggap kong question na hindi nila iniisip yung nararamdaman ng ini interview nila,Siguro isa yun sa bastos na natanggap kong question na hindi nila iniisip yung nararamdaman ng iniinterview nila
Una nang pinayagan ng DOH ang PRC na magsagawa ng saliva testing na nagkakahalaga lamang ng,Una nang pinayagan ng DOH ang PRC na magsagawa ng saliva testing na nagkakahalaga lamang ng
Hindilang namin alam kung anong growth ang gusto niya para sa sarili o pati sa kanyang career,Hindi lang namin alam kung anong growth ang gusto niya para sa sarili o pati sa kanyang career
Nanawagan dinang PNP sa mga magulang na bantayan ang kanilang mga anak attiyaking kilalaang mga nakakasalumuhaupangmailigtas sa anumang pagkakasangkot sa bentahan nang iligal na droga,Nanawagan dinang PNP sa mga magulang na bantayan ang kanilang mga anak attiyaking kilalaang mga nakakasalumuhaupangmailigtas sa anumang pagkakasangkot sa bentahan ng iligal na droga
Para nga naman nasanay na siya sa sked sked ng taping kaya hinahanap na ng katawan niya,Para nga naman nasanay na siya sa sked ng taping kaya hinahanap na ng katawan niya
Manmanan natin ang kanilang galawan pareho lang silang may gustong makuha ang supot ng ginto sa palosebo ng pulitika tingnan natin kung sino ang uurong sa karera,Manmanan natin ang kanilang galawan pareho lang silang may gustong makuha ang supot ng ginto sa palosebo ng pulitika tingnan natin kung sino ang uurong sa karera
Para silang mga timang,Para silang mga timang
Addition Hills Mandaluyong City ang nasawi ng makipagbuno at tangkaing agawin ang baril ng pulis na nagtatangkang umaresto sa kanya kamakalawa ng gabi,Addition Hills Mandaluyong City ang nasawi nang makipagbuno at tangkaing agawin ang baril ng pulis na nagtatangkang umaresto sa kanya kamakalawa ng gabi
Teka Paano kaya ipakikilala ni Janine si Paulo sa kanyang Lola Eva Naku didikit talaga ako kapag nasa backstage sila para marinig ko noh,Teka Paano kaya ipakikilala ni Janine si Paulo sa kanyang Lola Eva Naku didikit talaga ako kapag nasa backstage sila para marinig ko noh
Magagawa ito ni Pacquiao pamamagitan ng kaniyang MP Promotions na siyang humahawak sa ilang baguhang boksingero gaya ni Tokyo Olympics bronze medalist Eumir Felix Marcial,Magagawa ito ni Pacquiao sa pamamagitan ng kaniyang MP Promotions na siyang humahawak sa ilang baguhang boksingero gaya ni Tokyo Olympics bronze medalist Eumir Felix Marcial
Kaya nga wala rin namang masisi si LJ dahil siguro alam naman kung ano ang kanyang pinasukan,Kaya nga wala rin namang masisi si LJ dahil siguro alam naman niya kung ano ang kanyang pinasukan
Matatandaang usapusapan si Alex matapos magviral ang video na kuha mula sa kanyang birthday salubong kung saan pinahiran siya ng icing ang waiter na may hawak ng kanyang cake pgkatapos niyang hipan ang mga kandila nito,Matatandaang usapusapan si Alex matapos magviral ang video na kuha mula sa kanyang birthday salubong kung saan pinahiran niya ng icing ang waiter na may hawak ng kanyang cake pgkatapos niyang hipan ang mga kandila nito
Alam mo ba na yung anak nila na si Chayeli ay lumalaking napakatalino at cute na bata Halos hindi nga maiwan ng father niyang si Cong Strike Revilla at ni Chaye dahil nga sa sobrang attachment nila rito,Alam mo ba na yung anak nila na si Chayeli ay lumalaking napakatalino at cute na bata Halos hindi nga maiwan ng father niyang si Cong Strike Revilla at ni Chaye dahil nga sa sobrang attachment nila rito
Dahil sa nasagot sila ang pinapahulaang salita sa elimination round sina Gil at Christian ang sumalang sa jackpot round,Dahil sa nasagot nila ang pinapahulaang salita sa elimination round sina Gil at Christian ang sumalang sa jackpot round
Patuloy na kuwento ng dating kasamahan sa network ng female singer Sobrang mahal na mahal niya ang hair niya alagangalaga niya ang buhok niya,Patuloy na kuwento ng dating kasamahan sa network ng female singer Sobrang mahal na mahal niya ang hair niya alagangalaga niya ang buhok niya
Matapos maligo at sinabing “virgin” pa siya ano pa nga ba ang ebidensiya mo kung ano na ang ginagawa niya,Matapos maligo at sinabing “virgin” pa siya ano pa nga ba ang ebidensiya mo kung ano na ang ginawa niya
Si Dela Cruz ay proud member ng LGBTQ community at kabilang sa Equality New York na isinusulong sila katuwang si New York Governor Kathy Hochul na tumutulong sa kanilang programa para sa pagbabago,Si Dela Cruz ay proud member ng LGBTQ community at kabilang sa Equality New York na isinusulong nila katuwang si New York Governor Kathy Hochul na tumutulong sa kanilang programa para sa pagbabago
Sinabi ng Southeast Asian Games double gold medalists na pagtutuunan siya ng pansin ang kanyang pangarap na maging isang military officer,Sinabi ng Southeast Asian Games double gold medalists na pagtutuunan niya ng pansin ang kanyang pangarap na maging isang military officer
Aniya pa Hindi naman siguro totoo na nagagalitang mother Pinty nila Alex at Toni na lumabas ang balita dahil gusto nga raw nila na maging exclusive sa vlog nila,Aniya pa Hindi naman siguro totoo na nagagalit ang mother Pinty nila Alex at Toni na lumabas ang balita dahil gusto nga raw nila na maging exclusive sa vlog nila
Pati ang mga kapatid niya sagana rin sa gulay na inaani niya,Pati ang mga kapatid niya sagana rin sa gulay na inaani niya
Paiigtingin pa ang visibility ng mga traffic enforcer ng Metropolitan Manila Development Authority MMDA sa mga pangunahing lansanganngayong Kapaskuhan upang maibsan ang pagsisikip ng trapiko,Paiigtingin pa ang visibility ng mga traffic enforcer ng Metropolitan Manila Development Authority MMDA sa mga pangunahing lansanganngayong Kapaskuhan upang maibsan ang pagsisikip ng trapiko
Kung mas ilalayo sila mainam rin na samasama rin sila para wala silang contact—wala silang middle man na mauutusan para magdistribute at walang logistical connection ani Tolentino chairman of the Senate Committee on Justice and Human Rights,Kung mas ilalayo sila mainam din na samasama rin sila para wala silang contact—wala silang middle man na mauutusan para magdistribute at walang logistical connection ani Tolentino chairman of the Senate Committee on Justice and Human Rights
Itinuturing siya ngaying imported case at hindi nagkaroon ng contact komunidad dahilan para sabihing very low ang tiyansang maipasa ito sa mga lokal,Itinuturing siya ngaying imported case at hindi nagkaroon ng contact sa komunidad dahilan para sabihing very low ang tiyansang maipasa ito sa mga lokal
Hinahatak na umano ng mga tauhan ng mangingisdang si Homer Benosa ang lambat na puno umano ng isda nang hindi sila namalayan na may sinabitan ito sa ilalim ng dagat na dahilan ng pagkapunit,Hinahatak na umano ng mga tauhan ng mangingisdang si Homer Benosa ang lambat na puno umano ng isda nang hindi nila namalayan na may sinabitan ito sa ilalim ng dagat na dahilan ng pagkapunit
Naitakbo pa sa ospital ang suspek ngunit idineklara itong dead on arrival,Naitakbo pa sa ospital ang suspek ngunit idineklara itong dead on arrival
Mula po sa Commission En Banc ang partido na hindi sangayon sa aming desisyon ay maaring umakyat po sa Korte Suprema roon po talaga ang final na desisyon sa mga issue ito ayon kay Guanzon,Mula po sa Commission En Banc ang partido na hindi sangayon sa aming desisyon ay maaring umakyat po sa Korte Suprema roon po talaga ang final na desisyon sa mga issue na ito ayon kay Guanzon
Actually sinabihan ko na sya na ‘wag ng bumalik pero eto na naman s’ya magha“HI” lang daw at magpapaalala na nandito lang sya sa tabitabi,Actually sinabihan ko na sya na ‘wag nang bumalik pero eto na naman s’ya magha“HI” lang daw at magpapaalala na nandito lang sya sa tabitabi
Nagsilbi namang lookout sina Aries Camayo Richard Romoquillo Jeffrey Cervano at Michael Jimena at hinarang ang KANILANG katawan habang tinitira ng dalawang preso ang biktima upang hindi sila makita ng bastonero,Nagsilbi namang lookout sina Aries Camayo Richard Romoquillo Jeffrey Cervano at Michael Jimena at hinarang ang kanilang katawan habang tinitira ng dalawang preso ang biktima upang hindi sila makita ng bastonero
Simpleng kulitan lang daw kasi ‘yun kung saan navideohan ng kanyang kapatid at inupload sa internet at napick up ng iba’t ibang social MEDIA pages,Simpleng kulitan lang daw kasi ‘yun kung saan navideohan ng kanyang kapatid at inupload sa internet at napick up ng iba’t ibang social media pages
Huwag ho natin paabutin ng masyadong mahabang panahon kasi medyo mahirap isettle at a onetime basis dagdag PA niya,Huwag ho natin paabutin ng masyadong mahabang panahon kasi medyo mahirap isettle at a onetime basis dagdag pa niya
Sana huwag tayo magmadali ituloy pa din natin ang ating protocols,Sana huwag tayo magmadali ituloy pa rin natin ang ating protocols
Nagiimbita raw ng isang dinner kung saan hihingi ng apology si Labrusca sa mga biktima pero hindi nangyari iyon at desidido ang complainants na ihain ang kanilang demanda,Nagiimbita raw ng isang dinner kung saan hihingi ng apology si Labrusca sa mga biktima pero hindi nangyari iyon at desidido ang complainants na ihain ang kanilang demanda
Nagkaroonakongmga panic attacks dahilsasobrangkaanshahankosa future taposandamiko pang unresolved issues from the past Unhealed trauma etc So sabiko hindi pwedeng ganito kaya nagisipakong way para magheal ako since ayoko maggamot nagdive akosa natural healing Meditation Yoga Reiki healing Innerchild healing shadow works plant medicines and more on plantbased diet So nagfocus ako on my spiritual journey natinawagkong “KaluLUWALhatian Journey” Soul searching At ayunnanga nahanap ko ang sarili at ang sentro ng aking pagkatao and until now HEALING pa rin Kwentoni Maki,Nagkaroonakongmga panic attacks dahilsasobrangkaanshahankosa future taposandamiko pang unresolved issues from the past Unhealed trauma etc So sabiko hindi pwedeng ganito kaya nagisipakong way para magheal ako since ayoko maggamot nagdive akosa natural healing Meditation Yoga Reiki healing Innerchild healing shadow works plant medicines and more on plantbased diet So nagfocus ako on my spiritual journey natinawagkong “KaluLUWALhatian Journey” Soul searching At ayunnanga nahanap ko ang sarili at ang sentro ng aking pagkatao and until now HEALING pa rin Kwentoni Maki
Sirena talaga ito,Sirena talaga ito
Maaari namang dumaan muna ang MGA motorista sa mga alternatibong ruta na tinukoy ng Metro Manila Development Authority MMDA Land Transportation Franchising and Regulatory Board LTFRB at ng mga city governments ng Pasig at Mandaluyong,Maaari namang dumaan muna ang mga motorista sa mga alternatibong ruta na tinukoy ng Metro Manila Development Authority MMDA Land Transportation Franchising and Regulatory Board LTFRB at ng mga city governments ng Pasig at Mandaluyong
Nung nagpaputok siya roon nagdecide yung mga witness na magreport sa barangay,Nung nagpaputok siya roon nagdecide yung mga witness na magreport sa barangay
Bukodsa TNT ay maglalaro rin sa EASL Champions Week ang San Miguel bilang kinatawan ng PBA,Bukod sa TNT ay maglalaro rin sa EASL Champions Week ang San Miguel bilang kinatawan ng PBA
Halos maghapon daw siyang nakatayo sa pagaasikaso sa kanilang coffee shop NAKAKAPAGOD daw pero natutuwa raw siya lalo na kapag may mga Pinoy silang customers,Halos maghapon daw siyang nakatayo sa pagaasikaso sa kanilang coffee shop Nakakapagod daw pero natutuwa raw siya lalo na kapag may mga Pinoy silang customers
sa tulong ng lokal na pamahalaan tayo ay makikipag tulungan upang bigyan kayo ng disente ligtas at maayos na pabahay dagdag ni GM Tai,Sa tulong ng lokal na pamahalaan tayo ay makikipagtulungan upang bigyan kayo ng disente ligtas at maayos na pabahay dagdag ni GM Tai
Kapag napatunayan aniya ang mga ito ipatitigil niya ang esabong bago siya alis sa puwesto,Kapag napatunayan aniya ang mga ito ipatitigil niya ang esabong bago siya umalis sa puwesto
Sabi ni Pauleen hindi naman daw sila pinipilit ang kanilang anak na magartista,Sabi ni Pauleen hindi naman daw nila pinipilit ang kanilang anak na magartista
Kasi choosy pa nga raw ito sa bibilhin ng kanyang vacation house sa Bataan,Kasi choosy pa nga raw ito sa bumibili ng kanyang vacation house sa Bataan
Gusto sana niya na magbigay ng mas malaking donation pero sinabi kong isave niya para sa Christmas Showbiz Chika Pantry natin na gusto ko mas malaki at masmasaya,Gusto sana niya na magbigay ng mas malaking donation pero sinabi kong isave niya para sa Christmas Showbiz Chika Pantry natin na gusto ko mas malaki at mas masaya
Ilang airbus na rin ang bumibiyahe dito para maraming pasahero ang makasakay,Ilang airbus na rin ang bumibiyahe rito para maraming pasahero ang makasakay
Nirepost pa ni Mega ang nasabing tweet mula sa kanyang fans at nilagyan ng caption na OMG,Nirepost pa ni Mega ang nasabing tweet mula sa kanyang fans at nilagyan ng caption na OMG
Ako hindi ako puwedeng umiyak sa family kasi ako yung inaasahan eh So iiyak ako kapag nakatalikod na ako Sabi ko Sige sumama ka na patuloy niya,Ako hindi ako puwedeng umiyak sa family kasi ako yung inaasahan eh So iiyak ako kapag nakatalikod na ako Sabi ko Sige sumama ka na patuloy niya
Ani Montalla nasagi ng minamanehong Kia Grand Carnival ni Wozniczko ang motorsiklo ng isang Pilipino sa Brgy MALIMANGA Candelaria Zambales — dahilan para madisgrasya Ang matindi pa tinakbuhan daw niya ang biktima,Ani Montalla nasagi ng minamanehong Kia Grand Carnival ni Wozniczko ang motorsiklo ng isang Pilipino sa Brgy Malimanga Candelaria Zambales — dahilan para madisgrasya Ang matindi pa tinakbuhan daw niya ang biktima
Tiniyak rin ni Marcos na masisiyahan ang mga bata na magpupunta sa Palasyo dahil sa malaking Christmas tree at sa inihanda nilang pagkain,Tiniyak din ni Marcos na masisiyahan ang mga bata na magpupunta sa Palasyo dahil sa malaking Christmas tree at sa inihanda nilang pagkain
hindi ko siya naisip ulit pa niya,Hindi ko siya naisip ulit pa niya
yun nga lang pagdating sa lovelife hindi ito kasama sa usapan,Yun nga lang pagdating sa lovelife hindi ito kasama sa usapan
Were all excited One game at a time ang approach ng team and hopefully maganda ang maging resulta ng bawat laro namin ani Almadro,Were all excited One game at a time ang approach ng team and hopefully maganda ang maging resulta ng bawat laro namin ani Almadro
Sa kabila nito hindi siya tatalikuran ang kaniyang kapatid,Sa kabila nito hindi niya tatalikuran ang kaniyang kapatid
Ayon pa sa aktor hindi dapat mapressure ang mga kabataan na pumasok sa relasyon at sa halip ay mas mabuting mahalin ang kanilang pamilya,Ayon pa sa aktor hindi dapat mapressure ang mga kabataan na pumasok sa relasyon at sa halip ay mas mabuting mahalin ang kanilang pamilya
sa inisyal na impormasyon may mga residenteng nahawaan ng nasabing virus mula sa kanilang trabaho,Sa inisyal na impormasyon may mga residenteng nahawaan ng nasabing virus mula sa kanilang trabaho
Maaari pa ring manatili sa Pilipinas ang mga “overstaying” na dayuhan makaraang suspindihin nang Bureau of Immigration BI ang Order to Leave OTL dahil sa konsiderasyon ngayong pandemya,Maaari pa ring manatili sa Pilipinas ang mga “overstaying” na dayuhan makaraang suspindihin ng Bureau of Immigration BI ang Order to Leave OTL dahil sa konsiderasyon ngayong pandemya
SA kanyang pamilya raw ay hindi siya nagdadalawangisip na tumulong pero sa mga kamaganak ay hindi ganun kabukas ang kanyang palad sa pagtulong Yun ang kanyang posisyon,Sa kanyang pamilya raw ay hindi siya nagdadalawangisip na tumulong pero sa mga kamaganak ay hindi ganun kabukas ang kanyang palad sa pagtulong Yun ang kanyang posisyon
Hindi mo nakakakita ang kalabang virus,Hindi mo nakikita ang kalabang virus
Iyan ang masamang epekto ng mga tsismissa social media na lalo pang pinalala ng dalawang taong lockdown,Iyan ang masamang epekto ng mga tsismis sa social media na lalo pang pinalala ng dalawang taong lockdown
Yung lobster po kasi ay may magandang bahagi sa buhay ko Yan po kasi yung naging way para magprovide yung papa ko para sa family niya Yan po kasi ang hanapbuhay niya nanghuhuli siya ng lobster Yan din po ang naging basic food ng family aniya,Yung lobster po kasi ay may magandang bahagi sa buhay ko Yan po kasi yung naging way para magprovide yung papa ko para sa family niya Yan po kasi ang hanapbuhay niya nanghuhuli siya ng lobster Yan din po ang naging basic food ng family aniya
“i think stamina din yung labanan,“I think stamina rin yung labanan
Sa pamamagitan ng isang maso pinangunahan ni Hermosa Bataan MAYOR Antonio Joseph “Jopet” Inton na sirain ang mga nakumpiskang modified muffler,Sa pamamagitan ng isang maso pinangunahan ni Hermosa Bataan Mayor Antonio Joseph “Jopet” Inton na sirain ang mga nakumpiskang modified muffler
Kaya naman sa kanyang post hindi niya raw kaaasa ang lahat ng ito,Kaya naman sa kanyang post hindi niya raw inasahan ang lahat ng ito
Nauna dito inihayag ni Dr,Nauna rito inihayag ni Dr
Hindi ako sanay na MAGLOKO,Hindi ako sanay na magloko
Sinabi rin ni Vhong na nagsusubok siya ng Diyos,Sinabi rin ni Vhong na sinubukan siya ng Diyos
May mga nagsasabi namang namanalang niya ang husay ng biological dad niyang si Sen,May mga nagsasabi namang namana lang niya ang husay ng biological dad niyang si Sen
Ilang beses ng nadadapa si Mark Anthony pero dahil nga sa isang mahusay na actor at dahil din sa mabait naman kaya walang sawa pa ring nabibigyan uli ng break,Ilang beses nang nadadapa si Mark Anthony pero dahil nga sa isang mahusay na actor at dahil din sa mabait naman kaya walang sawa pa ring nabibigyan uli ng break
Eh inaanak siya sa ikakasal ni PBBM,Eh inaanak siya sa kasal ni PBBM
Gayunman sinabi ngopisyal na hindi ito mandatory kaya ang mga magulang o mga estudyante na hindi pa handa para dito ay gagamit pa rin ng flexible learning,Gayunman sinabi ngopisyal na hindi ito mandatory kaya ang mga magulang o mga estudyante na hindi pa handa para rito ay gagamit pa rin ng flexible learning
Literal na talbog sila ang ibang mga celebrity na mas inuuna ang pagiipon ng branded bags and shoes kesa magngolekta ng mga property kaya nganga ngayong pandemya,Literal na talbog nila ang ibang mga celebrity na mas inuuna ang pagiipon ng branded bags and shoes kesa magngolekta ng mga property kaya nganga ngayong pandemya
Subalit papaano naman kung ang problema ay ang sarado nating puso at isipan,Subalit papaano naman kung ang problema ay ang sarado nating puso at isipan
Sa kabila ng hiwalayan noon nina Mark at aktres na si Irene Celebre sabi ni Gabby na pinanatili ng kaniyang ama ang relasyon nito sa kanilang magkakapatid,Sa kabila ng hiwalayan noon nina Mark at aktres na si Irene Celebre sinabi ni Gabby na pinanatili ng kaniyang ama ang relasyon nito sa kanilang magkakapatid
Yung proseso ng preparasyon hanggang sa araw na hinarvest sa kaniya ang stem cell ay hindi madali para sa isang batang tulad ni Helga subalit hindi siya dumaing hindi siya nagreklamo,Yung proseso ng preparasyon hanggang sa araw na hinarvest sa kaniya ang stem cell ay hindi madali para sa isang batang tulad ni Helga subalit hindi siya dumaing hindi siya nagreklamo
Daraga Albay Philippines — Hindi sukat akalain ng isang magsasaka na ang ilang araw ng inirereklamong nakalambiting kable ng Albay Power Energy Corporation APEC ang siyang tatapos sa kanyang buhay matapos makuryente habang magsusuga sana ng kanyang mga kalabaw at baka sa kanilang lupain sa Brgy,Daraga Albay Philippines — Hindi sukat akalain ng isang magsasaka na ang ilang araw nang inirereklamong nakalambiting kable ng Albay Power Energy Corporation APEC ang siyang tatapos sa kanyang buhay matapos makuryente habang magsusuga sana ng kanyang mga kalabaw at baka sa kanilang lupain sa Brgy
Nanghihingi siya ng reaksyon ng kaTroika kong si Noel Ferrer pero “hahaha”,Hiningan siya ng reaksyon ng kaTroika kong si Noel Ferrer pero “hahaha”
But then nasa kanilang desisyon yun baka magagawa nila na mga flexible na gaya ng kagagawa nila ngayon ani De Grano,But then nasa kanilang desisyon yun baka magagawa nila na mga flexible na gaya ng ginagawa nila ngayon ani De Grano
Malakas na nga ang internal features magaan at maganda pa ang external look Halos hindi mo akalain sa nipis ng phone na to ang kanyang heavy duty gaming capabilities,Malakas na nga ang internal features magaan at maganda pa ang external look Halos hindi mo akalain sa nipis ng phone na to ang kanyang heavy duty gaming capabilities
Importante rito bago maglunsad ng ganito magcoordinate sa mga journalism organizations natin ORGANIZED ito eh maraming grupo at puwede silang magpatawag ng coordination or consultative meeting para hindi magkaroon ng ganito dagdag pa niya,Importante rito bago maglunsad ng ganito magcoordinate sa mga journalism organizations natin Organized ito eh maraming grupo at puwede silang magpatawag ng coordination or consultative meeting para hindi magkaroon ng ganito dagdag pa niya
Ang BOQ ay para sa humans ang aso ay sa BAI,Ang BOQ ay para sa humans ang aso ay sa BAI
Sabi ko talaga Ha TOTOO ba ‘to’ sabi ko nagtetake kami ‘saglit lang ah’ Tapos sabi ni Gabby Concepcion  may ginagawa silang teleserye ni Gabby with Carla Abellana Ok ka lang ba,Sabi ko talaga Ha Totoo ba ‘to’ sabi ko nagtetake kami ‘saglit lang ah’ Tapos sabi ni Gabby Concepcion  may ginagawa silang teleserye ni Gabby with Carla Abellana Ok ka lang ba
May involved mang manghuhula o wala we trust them both hindi ni la pababayaang magkaroon ng problema sa relasyon nila dahil napakaraming masasaktan,May involved mang manghuhula o wala we trust them both hindi nila pababayaang magkaroon ng problema sa relasyon nila dahil napakaraming masasaktan
Sinabi rin ni Angara na nakikipagkilala rin ang prinsipyo ng equity of the incumbent sa Kamara de Representantes na kung minsan ay may koneksiyon sa kinaanibang partido ng mambabatas,Sinabi rin ni Angara na kinikilala rin ang prinsipyo ng equity of the incumbent sa Kamara de Representantes na kung minsan ay may koneksiyon sa kinaanibang partido ng mambabatas
Dapat na ituon ng gobyerno ang papansinin nito sa testing repor­ting at pagresponde sa mga local outbreak ng ASF,Dapat na ituon ng gobyerno ang pansin nito sa testing repor­ting at pagresponde sa mga local outbreak ng ASF
Tulad NOONG ECQ implementation na walang naganap na taaspasahe kahit may reduced capacity ang mga PUVs tiniyak muli ng DOTr na wala ring magaganap na fare increase ngayong nasa MECQ na ang NCR Plus,Tulad noong ECQ implementation na walang naganap na taaspasahe kahit may reduced capacity ang mga PUVs tiniyak muli ng DOTr na wala ring magaganap na fare increase ngayong nasa MECQ na ang NCR Plus
Sa naturang segment dalawang babae ang maglalaban laban sa tatlong rounds na Ooh LaLakad kung saan rarampa sila sa stage suot ang kanilang mga bikini ang Hottanungan kung saan bibigyan sila ng isang tanong na kailangan nilang sagutin at Final Womensahekung saan magbabahagi sila ng kanilang mga nagustuhan sa kanilang kalaban,Sa naturang segment dalawang babae ang maglalabanlaban sa tatlong rounds na Ooh LaLakad kung saan rarampa sila sa stage suot ang kanilang mga bikini ang Hottanungan kung saan bibigyan sila ng isang tanong na kailangan nilang sagutin at Final Womensahekung saan magbabahagi sila ng kanilang mga nagustuhan sa kanilang kalaban
IPINAGLULUTO pa niya si Guy basta may free time siya agad nang nakadalaw sa mommy niya napakalayo ng ugali niya kay Lotlot komento pa ng dating malapit sa Superstar,Ipinagluluto pa niya si Guy basta may free time siya agad nang nakadalaw sa mommy niya napakalayo ng ugali niya kay Lotlot komento pa ng dating malapit sa Superstar
Ang suspek ay isa umanong inilalaki na armado ng di pa tukoy na kalibre ng baril,Ang suspek ay isa umanong lalaki na armado ng di pa tukoy na kalibre ng baril
hit dahil pinagusapan pero hindi naman kumita talaga,Hit dahil pinagusapan pero hindi naman kumita talaga
Imagine mo Presidente ganun ang nagsabi sa isang senador,Imagine mo Presidente ganun ang sinasabi sa isang senador
Kakasuhan po nila motu propio po itong si,Kakasuhan po nila motu propio po itong si
Samantala ang mga Pilipino mula sa mga bansa na nasa redlist ay papayagang makapasok kung kasama sa repatriation program o Bayanihan flights ng pamahalaan subalit sa Ninoy Aquino International Airport o sa Clark International Airport sila dapat lumapag at sumunod pa rin sa mga protocol ng IATF,Samantala ang mga Pilipino mula sa mga bansa na nasa red list ay papayagang makapasok kung kasama sa repatriation program o Bayanihan flights ng pamahalaan subalit sa Ninoy Aquino International Airport o sa Clark International Airport sila dapat lumapag at sumunod pa rin sa mga protocol ng IATF
Isaisahin rin kaya ni Bossing ang mga nakarelasyon niya sa showbiz,Isaisahin din kaya ni Bossing ang mga nakarelasyon niya sa showbiz
Sana nung time na yun naisip din niya na naka live rin po kami,Sana nung time na yun naisip din niya na nakalive rin po kami
Patuloy pang nagiimbestiga ang mga pulis upang madakip ang suspek sa pamamarilLBG GMA Integrated News,Patuloy pang nagiimbestiga ang mga pulis upang madakip ang suspek sa pamamarilLBG GMA Integrated News
Wala pa din namang impormasyon kung magdedeklara ng days of mourning para kay Noynoy,Wala pa rin namang impormasyon kung magdedeklara ng days of mourning para kay Noynoy
Nagumpisa na ang Provincial Health Office sanitary services unit sa pagdidisinfect sa mga komunidad para mapigilan ang lalo pang pagkalat nito at pagkakahawahan,Nagumpisa na ang Provincial Health Office sanitary services unit sa pagdidisinfect sa mga komunidad para mapigilan ang lalo pang pagkalat nito at pagkakahawahan
Natural oo lang naman nang oo ang chef para wala nang argumento pero inis na inis niya sa female personality,Natural oo lang naman nang oo ang chef para wala nang argumento pero inis na inis siya sa female personality
Nega ang huling balita sa actor nang masangkot niya sa isang aksidente sa may Makati,Nega ang huling balita sa actor nang masangkot siya sa isang aksidente sa may Makati
Ngayon naman sinasakyan sila ang pagbibigay ng ayuda ng gobyerno sabi ni Villanueva,Ngayon naman sinasakyan nila ang pagbibigay ng ayuda ng gobyerno sabi ni Villanueva
Itutuloy naman daw sila ang kanilang trabaho nbilang NGO upang iempower ang marginalized communities at sectors sa gitna ng kahirapan,Itutuloy naman daw nila ang kanilang trabaho nbilang NGO upang iempower ang marginalized communities at sectors sa gitna ng kahirapan
Hindi ito nakaalagwa sa takilya at hindi rin gaanong pinagusapan Baka nga di nakatulong na tahimik si Coco,Hindi ito nakaalagwa sa takilya at hindi rin gaanong pinagusapan Baka nga di nakatulong na tahimik si Coco
Kasi makikipag away ka lang dun eh,Kasi makikipagaway ka lang dun eh
Ito pang marching bands ang ikinatuwa ni Mayor Lani dahil after two years na nanahimik at hindi sila napapakinggang katutugtog sa kalye ngayon ay balik na sila,Ito pang marching bands ang ikinatuwa ni Mayor Lani dahil after two years na nanahimik at hindi sila napapakinggang tumutugtog sa kalye ngayon ay balik na sila
Iyon din naman raw ang payo sa kaniya na huwag magtatanim ng sama ng loob sa mga magulang,Iyon din naman daw ang payo sa kaniya na huwag magtatanim ng sama ng loob sa mga magulang
Hindi lang rin daw for entertainment ang programa kundi ang goal nito ay magkaroon ang mga viewer ng realizations at inspiration at may matutunan ang mga ito na maaari nilang balikan,Hindi lang din daw for entertainment ang programa kundi ang goal nito ay magkaroon ang mga viewer ng realizations at inspiration at may matutunan ang mga ito na maaari nilang balikan
Yung pakiramdam namin na malayo sa pamilya na trabaho kung saan may pandemya ang daming nangyayari,Yung pakiramdam namin na malayo sa pamilya na nagtatrabaho kung saan may pandemya ang daming nangyayari
Ginagawa raw niyang magpaliwanag ngayon hindi para isalba ang sarili ngunit dahil gaya ngiba ay may pinagdaraanan din daw siya Last thing Id want to do is hurt any of you,Ginagawa raw niyang magpaliwanag ngayon hindi para isalba ang sarili ngunit dahil gaya ng iba ay may pinagdaraanan din daw siya Last thing Id want to do is hurt any of you
Imagine mo na habang nasa dialysis room ako pinupuntahan nila ako para kumustahin at dalhan ng magic enve,Imagine mo na habang nasa dialysis room ako pinuntahan nila ako para kumustahin at dalhan ng magic enve
Kinakailangan din magpasa ng ordinansa or executive order ang mga LGUs upang ito ay maipatupad nang maayos upang maging ligtas ang ating mga kababayan sa paggunita ng dinaratnan na Undas dagdag pa ni Año,Kinakailangan din magpasa ng ordinansa or executive order ang mga LGUs upang ito ay maipatupad nang maayos upang maging ligtas ang ating mga kababayan sa paggunita ng darating na Undas dagdag pa ni Año
May isang beking inuutangan nila may sarisari store ang beki dun sila palaging nakatambay ng mga kaibigan niya kapag tapos na sila sa pageensayo,May isang beking inuutangan nila may sarisari store ang beki dun sila palaging nakatambay ng mga kaibigan niya kapag tapos na sila sa pageensayo
Tingnan natin ang dahilan kung bakit minadali nila ito nagconvene sila nang walang kaalamalam ang Presidente and bibigyan sila ng pagkakataon iexplain yung panig nila ayon kay CruzAngeles,Tingnan natin ang dahilan kung bakit minadali nila ito nagconvene sila nang walang kaalamalam ang Presidente and bibigyan sila ng pagkakataon iexplain yung panig nila ayon kay CruzAngeles
Matagal na rin umanong hindi nagkikita nang personal ang tatlo,Matagal na rin umanong hindi nagkikita nang personal ang tatlo
Layunin din nito na panatilihin na mas epektibo at maayos ang re lasyon ng mga indibiduwal at institusyon okomunidad,Layunin din nito na panatilihin na mas epektibo at maayos ang relasyon ng mga indibiduwal at institusyon okomunidad
Nagsasara na umano ng guwardiya ng simbahan nang makita niya ang paper bag,Isasara na umano ng guwardiya ng simbahan nang makita niya ang paper bag
Payag din ba siyang mag showbiz ang kanyang apo kung sakali,Payag din ba siyang magshowbiz ang kanyang apo kung sakali
Ewala ngang leg assist Nakikita ko kasi naiipit ‘yung legs siya sa may sidebars ng wheelchair,E wala ngang leg assist Nakikita ko kasi naiipit ‘yung legs niya sa may sidebars ng wheelchair
Magtuloytuloy kaya ang tagumpay ng Blazer Panoorin ang video FRJ GMA Integrated News,Magtuloytuloy kaya ang tagumpay ng Blazer Panoorin ang video FRJ GMA Integrated News
Hindi pa nirereveal ni Zeinab Bia na umalma na ako ayan nakipagbalikan pa siya diyan nagpabuntis pa e manloloko naman yan,Hindi pa nirereveal ni Zeinab Bia na umalma na ako ayan nakipagbalikan pa siya riyan nagpabuntis pa e manloloko naman yan
Hinayaan na ni ni Princess na si Ryan ang magbuo ng kuwento,Hinayaan na ni Princess na si Ryan ang magbuo ng kuwento
Marami sa TV viewers ang talagang magugustuhan ang kumbinasyon nila,Marami sa TV viewers ang talagang magugustuhan ang kumbinasyon nila
Mismong ang boss pa pala pala nila ang nagpapaawaaway sa kanila,Mismong ang boss pa pala nila ang nagpapaawaaway sa kanila
Agad na rumesponde ang pulisya sa lugar at nang makita nang suspek na si Fernandez ang paparating na pulis ay mabilis na sumibad sakay ngisang motorsiklo,Agad na rumesponde ang pulisya sa lugar at nang makita ng suspek na si Fernandez ang paparating na pulis ay mabilis na sumibad sakay ngisang motorsiklo
Matalino kasi ang female personality Inglisera siya maganda niya at kakaiba ang kanyang kagandahan,Matalino kasi ang female personality Inglisera siya maganda siya at kakaiba ang kanyang kagandahan
