Pattern_ID,POS_N-Gram,Lexeme_N-Gram,MLM_Scores,Comparison_Replacement_Matrix,Final_Hybrid_N-Gram
500001,PR.* DT.* NN.* DT.* NN.*,,,,PR.* DT.* NN.* DT.* NN.*
500002,DT.* NN.* DT.* NN.* CC.*,,,,DT.* NN.* DT.* NN.* CC.*
500003,NN.* DT.* NN.* CC.* VB.*,,,,NN.* DT.* NN.* CC.* VB.*
500004,DT.* NN.* CC.* VB.* CC.*,,,,DT.* NN.* CC.* VB.* CC.*
500005,NN.* CC.* VB.* CC.* NN.*,,,,NN.* CC.* VB.* CC.* NN.*
500006,CC.* VB.* CC.* NN.* PM.*,,,,CC.* VB.* CC.* NN.* PM.*
500007,VB.* CC.* NN.* PM.* VB.*,,,,VB.* CC.* NN.* PM.* VB.*
500008,CC.* NN.* PM.* VB.* CC.*,,,,CC.* NN.* PM.* VB.* CC.*
500009,CC.* VB.* DT.* NN.* CC.*,,,,CC.* VB.* DT.* NN.* CC.*
500010,VB.* DT.* NN.* CC.* DT.*,,,,VB.* DT.* NN.* CC.* DT.*
500011,CC.* DT.* NN.* PM.* VB.*,,,,CC.* DT.* NN.* PM.* VB.*
500012,DT.* NN.* PM.* VB.* RB.*,,,,DT.* NN.* PM.* VB.* RB.*
500013,NN.* CC.* JJ.*_CC.* NN.* CC.*,,,,NN.* CC.* JJ.*_CC.* NN.* CC.*
500014,CC.* JJ.*_CC.* NN.* CC.* FW,,,,CC.* JJ.*_CC.* NN.* CC.* FW
500015,CC.* JJ.* DT.* NN.* CC.*,,,,CC.* JJ.* DT.* NN.* CC.*
500016,NN.* PM.* VB.* RB.* DT.*,,,,NN.* PM.* VB.* RB.* DT.*
500017,PM.* VB.* RB.* DT.* FW,,,,PM.* VB.* RB.* DT.* FW
500018,FW NN.* DT.* NN.* PM.*,,,,FW NN.* DT.* NN.* PM.*
500019,DT.* NN.* PM.* CC.* VB.*,,,,DT.* NN.* PM.* CC.* VB.*
500020,NN.* PM.* CC.* VB.* DT.*,,,,NN.* PM.* CC.* VB.* DT.*
500021,PM.* CC.* VB.* DT.* NN.*,,,,PM.* CC.* VB.* DT.* NN.*
500022,PM.* NN.* CC.* RB.* RB.*,,,,PM.* NN.* CC.* RB.* RB.*
500023,NN.* CC.* RB.* RB.* JJ.*,,,,NN.* CC.* RB.* RB.* JJ.*
500024,RB.* RB.* JJ.* VB.* CC.*,,,,RB.* RB.* JJ.* VB.* CC.*
500025,VB.* CC.* NN.* PR.* DT.*,,,,VB.* CC.* NN.* PR.* DT.*
500026,CC.* NN.* PR.* DT.* NN.*,,,,CC.* NN.* PR.* DT.* NN.*
500027,PR.* DT.* NN.* CC.* VB.*,,,,PR.* DT.* NN.* CC.* VB.*
500028,CC.* DT.* NN.* PR.* PM.*,,,,CC.* DT.* NN.* PR.* PM.*
500029,DT.* CC.* PM.* JJ.* CC.*,,,,DT.* CC.* PM.* JJ.* CC.*
500030,CC.* PR.* LM VB.* CC.*,,,,CC.* PR.* LM VB.* CC.*
500031,CC.* VB.* RB.* PR.* DT.*,,,,CC.* VB.* RB.* PR.* DT.*
500032,VB.* RB.* PR.* DT.* NN.*,,,,VB.* RB.* PR.* DT.* NN.*
500033,RB.* PR.* DT.* NN.* CC.*,,,,RB.* PR.* DT.* NN.* CC.*
500034,PR.* DT.* NN.* CC.* DT.*,,,,PR.* DT.* NN.* CC.* DT.*
500035,CC.* DT.* NN.* CC.* NN.*_CC.*,,,,CC.* DT.* NN.* CC.* NN.*_CC.*
500036,DT.* NN.* CC.* NN.*_CC.* JJ.*,,,,DT.* NN.* CC.* NN.*_CC.* JJ.*
500037,NN.* CC.* NN.*_CC.* JJ.* CC.*,,,,NN.* CC.* NN.*_CC.* JJ.* CC.*
500038,VB.* PR.* DT.* NN.* PM.*,,,,VB.* PR.* DT.* NN.* PM.*
500039,NN.* PM.* VB.* DT.* DT.*,,,,NN.* PM.* VB.* DT.* DT.*
500040,PM.* VB.* DT.* DT.* NN.*,,,,PM.* VB.* DT.* DT.* NN.*
500041,VB.* DT.* DT.* NN.* PM.*,,,,VB.* DT.* DT.* NN.* PM.*
500042,NN.* PM.* VB.* DT.* FW,,,,NN.* PM.* VB.* DT.* FW
500043,NN.* PM.* DT.* JJ.*_CC.* NN.*,,,,NN.* PM.* DT.* JJ.*_CC.* NN.*
500044,VB.* RB.* CC.* NN.* DT.*,,,,VB.* RB.* CC.* NN.* DT.*
500045,RB.* CC.* NN.* DT.* JJ.*,,,,RB.* CC.* NN.* DT.* JJ.*
500046,CC.* NN.* DT.* JJ.* CC.*,,,,CC.* NN.* DT.* JJ.* CC.*
500047,VB.* CC.* JJ.* CC.* NN.*,,,,VB.* CC.* JJ.* CC.* NN.*
500048,CC.* PR.* CC.* PR.*_CC.* FW,,,,CC.* PR.* CC.* PR.*_CC.* FW
500049,PR.* CC.* PR.*_CC.* FW PM.*,,,,PR.* CC.* PR.*_CC.* FW PM.*
500050,PM.* VB.* CC.* PR.*_CC.* NN.*,,,,PM.* VB.* CC.* PR.*_CC.* NN.*
500051,VB.* CC.* PR.*_CC.* NN.* CC.*,,,,VB.* CC.* PR.*_CC.* NN.* CC.*
500052,CC.* PR.*_CC.* NN.* CC.* VB.*,,,,CC.* PR.*_CC.* NN.* CC.* VB.*
500053,PR.*_CC.* NN.* CC.* VB.* DT.*,,,,PR.*_CC.* NN.* CC.* VB.* DT.*
500054,NN.* CC.* VB.* DT.* NN.*,,,,NN.* CC.* VB.* DT.* NN.*
500055,PR.*_CC.* DT.* NN.* NN.* CC.*,,,,PR.*_CC.* DT.* NN.* NN.* CC.*
500056,DT.* NN.* NN.* CC.* PR.*_CC.*,,,,DT.* NN.* NN.* CC.* PR.*_CC.*
500057,NN.* NN.* CC.* PR.*_CC.* FW,,,,NN.* NN.* CC.* PR.*_CC.* FW
500058,NN.* CC.* PR.*_CC.* FW FW,,,,NN.* CC.* PR.*_CC.* FW FW
500059,CC.* JJ.* PR.*_CC.* VB.* CC.*,,,,CC.* JJ.* PR.*_CC.* VB.* CC.*
500060,CC.* VB.* CC.* NN.* CC.*,,,,CC.* VB.* CC.* NN.* CC.*
500061,CC.* NN.* NN.* PM.* CC.*,,,,CC.* NN.* NN.* PM.* CC.*
500062,CC.* NN.* CC.* VB.* CC.*,,,,CC.* NN.* CC.* VB.* CC.*
500063,NN.* CC.* VB.* CC.* FW,,,,NN.* CC.* VB.* CC.* FW
500064,NN.* CC.* JJ.* JJ.* CC.*,,,,NN.* CC.* JJ.* JJ.* CC.*
500065,JJ.* CC.* VB.* DT.* DT.*,,,,JJ.* CC.* VB.* DT.* DT.*
500066,CC.* VB.* DT.* DT.* NN.*,,,,CC.* VB.* DT.* DT.* NN.*
500067,VB.* DT.* DT.* NN.* CC.*,,,,VB.* DT.* DT.* NN.* CC.*
500068,DT.* DT.* NN.*_CC.* VB.* CC.*,,,,DT.* DT.* NN.*_CC.* VB.* CC.*
500069,DT.* NN.*_CC.* VB.* CC.* DT.*,,,,DT.* NN.*_CC.* VB.* CC.* DT.*
500070,NN.*_CC.* VB.* CC.* DT.* NN.*,,,,NN.*_CC.* VB.* CC.* DT.* NN.*
500071,RB.* RB.*_CC.* VB.* CC.* NN.*,,,,RB.* RB.*_CC.* VB.* CC.* NN.*
500072,RB.*_CC.* VB.* CC.* NN.* CC.*,,,,RB.*_CC.* VB.* CC.* NN.* CC.*
500073,VB.* CC.* NN.* CC.* RB.*_CC.*,,,,VB.* CC.* NN.* CC.* RB.*_CC.*
500074,CC.* NN.* CC.* RB.*_CC.* NN.*,,,,CC.* NN.* CC.* RB.*_CC.* NN.*
500075,FW PR.* CC.* NN.* CC.*,,,,FW PR.* CC.* NN.* CC.*
500076,CC.* NN.* CC.* VB.*_VB.* CC.*,,,,CC.* NN.* CC.* VB.*_VB.* CC.*
500077,CC.* PR.*_CC.* NN.* CC.* NN.*,,,,CC.* PR.*_CC.* NN.* CC.* NN.*
500078,DT.* NN.* PM.* RB.* PR.*_CC.*,,,,DT.* NN.* PM.* RB.* PR.*_CC.*
500079,PM.* RB.* PR.*_CC.* VB.* DT.*,,,,PM.* RB.* PR.*_CC.* VB.* DT.*
500080,RB.* PR.*_CC.* VB.* DT.* NN.*,,,,RB.* PR.*_CC.* VB.* DT.* NN.*
500081,VB.* DT.* NN.* DT.* NN.*,,,,VB.* DT.* NN.* DT.* NN.*
500082,DT.* NN.* CC.* VB.* DT.*,,,,DT.* NN.* CC.* VB.* DT.*
500083,NN.* CC.* VB.* DT.* FW,,,,NN.* CC.* VB.* DT.* FW
500084,NN.* CC.* RB.* RB.* VB.*,,,,NN.* CC.* RB.* RB.* VB.*
500085,VB.* VB.* DT.* NN.* CC.*,,,,VB.* VB.* DT.* NN.* CC.*
500086,VB.* DT.* NN.* CC.* CC.*,,,,VB.* DT.* NN.* CC.* CC.*
500087,DT.* NN.* CC.* CC.* RB.*,,,,DT.* NN.* CC.* CC.* RB.*
500088,PM.* FW CC.* PR.* CC.*,,,,PM.* FW CC.* PR.* CC.*
500089,FW CC.* PR.* CC.* DT.*,,,,FW CC.* PR.* CC.* DT.*
500090,CC.* PR.* CC.* DT.* NN.*,,,,CC.* PR.* CC.* DT.* NN.*
500091,FW DT.* NN.* PM.* CC.*,,,,FW DT.* NN.* PM.* CC.*
500092,DT.* NN.* PM.* CC.* RB.*,,,,DT.* NN.* PM.* CC.* RB.*
500093,NN.* PM.* CC.* RB.* RB.*,,,,NN.* PM.* CC.* RB.* RB.*
500094,PM.* DT.* NN.* DT.* NN.*,,,,PM.* DT.* NN.* DT.* NN.*
500095,NN.* PR.*_CC.* JJ.* CC.* FW,,,,NN.* PR.*_CC.* JJ.* CC.* FW
500096,FW PM.* VB.* PR.* DT.*,,,,FW PM.* VB.* PR.* DT.*
500097,PM.* VB.* PR.* DT.* NN.*,,,,PM.* VB.* PR.* DT.* NN.*
500098,VB.* PR.* DT.* NN.* CC.*,,,,VB.* PR.* DT.* NN.* CC.*
500099,PR.* DT.* NN.* CC.* PR.*_CC.*,,,,PR.* DT.* NN.* CC.* PR.*_CC.*
500100,DT.* NN.* CC.* PR.*_CC.* NN.*,,,,DT.* NN.* CC.* PR.*_CC.* NN.*
500101,NN.* CC.* PR.*_CC.* NN.* DT.*,,,,NN.* CC.* PR.*_CC.* NN.* DT.*
500102,CC.* PR.*_CC.* NN.* DT.* NN.*,,,,CC.* PR.*_CC.* NN.* DT.* NN.*
500103,DT.* NN.* PM.* VB.* VB.*,,,,DT.* NN.* PM.* VB.* VB.*
500104,DT.* NN.* PM.* PR.* CC.*,,,,DT.* NN.* PM.* PR.* CC.*
500105,NN.* PM.* PR.* CC.* DT.*,,,,NN.* PM.* PR.* CC.* DT.*
500106,PR.* CC.* DT.* NN.* PM.*,,,,PR.* CC.* DT.* NN.* PM.*
500107,CC.* NN.* CC.* PR.*_CC.* NN.*,,,,CC.* NN.* CC.* PR.*_CC.* NN.*
500108,NN.* CC.* PR.*_CC.* NN.* CC.*,,,,NN.* CC.* PR.*_CC.* NN.* CC.*
500109,PR.*_CC.* NN.* CC.* NN.* PM.*,,,,PR.*_CC.* NN.* CC.* NN.* PM.*
500110,CC.* NN.* PM.* VB.* DT.*,,,,CC.* NN.* PM.* VB.* DT.*
500111,DT.* JJ.* CC.* NN.* CC.*,,,,DT.* JJ.* CC.* NN.* CC.*
500112,CC.* VB.* DT.* NN.* PM.*,,,,CC.* VB.* DT.* NN.* PM.*
500113,NN.* CC.* RB.*_CC.* VB.* DT.*,,,,NN.* CC.* RB.*_CC.* VB.* DT.*
500114,NN.* CC.* NN.*_CC.* NN.* CC.*,,,,NN.* CC.* NN.*_CC.* NN.* CC.*
500115,CC.* DT.* NN.* LM VB.*,,,,CC.* DT.* NN.* LM VB.*
500116,DT.* NN.* LM VB.* CC.*,,,,DT.* NN.* LM VB.* CC.*
500117,PM.* FW CC.* NN.* DT.*,,,,PM.* FW CC.* NN.* DT.*
500118,FW CC.* NN.* DT.* DT.*,,,,FW CC.* NN.* DT.* DT.*
500119,DT.* PR.* CC.* NN.* CC.*,,,,DT.* PR.* CC.* NN.* CC.*
500120,JJ.*_CC.* FW FW DT.* NN.*,,,,JJ.*_CC.* FW FW DT.* NN.*
500121,FW DT.* NN.* CC.* DT.*,,,,FW DT.* NN.* CC.* DT.*
500122,RB.* PM.* JJ.* RB.* CC.*,,,,RB.* PM.* JJ.* RB.* CC.*
500123,RB.* CC.* VB.* DT.* DT.*,,,,RB.* CC.* VB.* DT.* DT.*
500124,DT.* DT.* NN.* CC.* FW,,,,DT.* DT.* NN.* CC.* FW
500125,DT.* NN.* CC.* FW CC.*,,,,DT.* NN.* CC.* FW CC.*
500126,RB.* DT.* NN.* CC.* VB.*,,,,RB.* DT.* NN.* CC.* VB.*
500127,CC.* RB.* RB.* PR.* RB.*,,,,CC.* RB.* RB.* PR.* RB.*
500128,RB.* RB.* PR.* RB.* PM.*,,,,RB.* RB.* PR.* RB.* PM.*
500129,DT.* NN.* CC.* DT.* VB.*,,,,DT.* NN.* CC.* DT.* VB.*
500130,NN.* CC.* DT.* VB.* CC.*,,,,NN.* CC.* DT.* VB.* CC.*
500131,VB.* CC.* VB.* CC.* NN.*,,,,VB.* CC.* VB.* CC.* NN.*
500132,CC.* VB.* CC.* NN.* DT.*,,,,CC.* VB.* CC.* NN.* DT.*
500133,VB.* CC.* NN.* DT.* FW,,,,VB.* CC.* NN.* DT.* FW
500134,CC.* NN.* PM.* RB.* RB.*,,,,CC.* NN.* PM.* RB.* RB.*
500135,NN.* PM.* RB.* RB.* VB.*,,,,NN.* PM.* RB.* RB.* VB.*
500136,PM.* RB.* RB.* VB.* PM.*,,,,PM.* RB.* RB.* VB.* PM.*
500137,RB.* RB.* VB.* PM.* NN.*,,,,RB.* RB.* VB.* PM.* NN.*
500138,PM.* CC.* VB.* PR.* CC.*,,,,PM.* CC.* VB.* PR.* CC.*
500139,CC.* VB.* PR.* CC.* NN.*,,,,CC.* VB.* PR.* CC.* NN.*
500140,VB.* PR.* CC.* NN.* DT.*,,,,VB.* PR.* CC.* NN.* DT.*
500141,PR.* CC.* NN.* DT.* NN.*,,,,PR.* CC.* NN.* DT.* NN.*
500142,CC.* NN.* DT.* NN.* DT.*,,,,CC.* NN.* DT.* NN.* DT.*
500143,CC.* NN.* CC.* NN.*_CC.* NN.*,,,,CC.* NN.* CC.* NN.*_CC.* NN.*
500144,NN.* PM.* JJ.*_CC.* NN.* CC.*,,,,NN.* PM.* JJ.*_CC.* NN.* CC.*
500145,CC.* VB.* DT.* DT.* VB.*,,,,CC.* VB.* DT.* DT.* VB.*
500146,VB.* DT.* DT.* VB.* PM.*,,,,VB.* DT.* DT.* VB.* PM.*
500147,DT.* DT.* VB.* PM.* VB.*,,,,DT.* DT.* VB.* PM.* VB.*
500148,DT.* NN.*_CC.* JJ.* CC.* NN.*,,,,DT.* NN.*_CC.* JJ.* CC.* NN.*
500149,NN.*_CC.* JJ.* CC.* NN.* CC.*,,,,NN.*_CC.* JJ.* CC.* NN.* CC.*
500150,PM.* DT.* VB.* CC.* FW,,,,PM.* DT.* VB.* CC.* FW
500151,DT.* VB.* CC.* FW PM.*,,,,DT.* VB.* CC.* FW PM.*
500152,VB.* CC.* FW PM.* NN.*,,,,VB.* CC.* FW PM.* NN.*
500153,NN.* CC.* NN.* PM.* DT.*,,,,NN.* CC.* NN.* PM.* DT.*
500154,CC.* NN.* PM.* DT.* JJ.*_CC.*,,,,CC.* NN.* PM.* DT.* JJ.*_CC.*
500155,PM.* DT.* JJ.*_CC.* NN.* CC.*,,,,PM.* DT.* JJ.*_CC.* NN.* CC.*
500156,NN.* CC.* VB.* PM.* FW,,,,NN.* CC.* VB.* PM.* FW
500157,CC.* VB.* PM.* FW CC.*,,,,CC.* VB.* PM.* FW CC.*
500158,VB.* PM.* FW CC.* NN.*,,,,VB.* PM.* FW CC.* NN.*
500159,PM.* FW CC.* NN.* PM.*,,,,PM.* FW CC.* NN.* PM.*
500160,FW CC.* NN.* PM.* CC.*,,,,FW CC.* NN.* PM.* CC.*
500161,CC.* NN.* PM.* CC.* DT.*,,,,CC.* NN.* PM.* CC.* DT.*
500162,VB.*_CC.* NN.* DT.* NN.* CC.*,,,,VB.*_CC.* NN.* DT.* NN.* CC.*
500163,NN.* DT.* NN.* CC.* PR.*,,,,NN.* DT.* NN.* CC.* PR.*
500164,CC.* PR.* DT.* PM.* FW,,,,CC.* PR.* DT.* PM.* FW
500165,CC.* JJ.*_JJ.*_CC.* NN.* CC.* NN.*,,,,CC.* JJ.*_JJ.*_CC.* NN.* CC.* NN.*
500166,NN.* DT.* JJ.*_CC.* NN.*_CC.* NN.*,,,,NN.* DT.* JJ.*_CC.* NN.*_CC.* NN.*
500167,VB.* RB.* DT.* NN.* CC.*,,,,VB.* RB.* DT.* NN.* CC.*
500168,RB.* DT.* NN.* CC.* NN.*,,,,RB.* DT.* NN.* CC.* NN.*
500169,DT.* NN.* CC.* NN.* CC.*,,,,DT.* NN.* CC.* NN.* CC.*
500170,NN.* CC.* NN.* CC.* FW,,,,NN.* CC.* NN.* CC.* FW
500171,DT.* NN.* PM.* CC.* CC.*,,,,DT.* NN.* PM.* CC.* CC.*
500172,NN.* PM.* CC.* CC.* NN.*,,,,NN.* PM.* CC.* CC.* NN.*
500173,CC.* NN.* DT.* NN.* PM.*,,,,CC.* NN.* DT.* NN.* PM.*
500174,NN.* DT.* NN.* PM.* VB.*_VB.*,,,,NN.* DT.* NN.* PM.* VB.*_VB.*
500175,VB.* RB.* PR.* CC.* VB.*,,,,VB.* RB.* PR.* CC.* VB.*
500176,RB.* PR.* CC.* VB.* CC.*,,,,RB.* PR.* CC.* VB.* CC.*
500177,CC.* VB.* CC.* PR.* CC.*,,,,CC.* VB.* CC.* PR.* CC.*
500178,LM VB.* CC.* VB.* CC.*,,,,LM VB.* CC.* VB.* CC.*
500179,CC.* VB.* DT.* JJ.*_CC.* NN.*,,,,CC.* VB.* DT.* JJ.*_CC.* NN.*
500180,VB.* DT.* JJ.*_CC.* NN.* CC.*,,,,VB.* DT.* JJ.*_CC.* NN.* CC.*
500181,CC.* NN.* CC.* VB.* DT.*,,,,CC.* NN.* CC.* VB.* DT.*
500182,CC.* NN.* PM.* FW CC.*,,,,CC.* NN.* PM.* FW CC.*
500183,NN.* PM.* FW CC.* NN.*,,,,NN.* PM.* FW CC.* NN.*
500184,PM.* FW CC.* NN.* CC.*,,,,PM.* FW CC.* NN.* CC.*
500185,NN.* DT.* NN.* CC.* PM.*,,,,NN.* DT.* NN.* CC.* PM.*
500186,PM.* CC.* JJ.* CC.* FW,,,,PM.* CC.* JJ.* CC.* FW
500187,NN.* CC.* JJ.*_CC.* FW FW,,,,NN.* CC.* JJ.*_CC.* FW FW
500188,CC.* JJ.*_CC.* FW FW CC.*,,,,CC.* JJ.*_CC.* FW FW CC.*
500189,FW CC.* NN.* CC.* DT.*,,,,FW CC.* NN.* CC.* DT.*
500190,CC.* NN.* CC.* DT.* NN.*,,,,CC.* NN.* CC.* DT.* NN.*
500191,NN.* CC.* DT.* NN.* CC.*,,,,NN.* CC.* DT.* NN.* CC.*
500192,NN.* PM.* RB.* VB.* PR.*,,,,NN.* PM.* RB.* VB.* PR.*
500193,PM.* RB.* VB.* PR.* DT.*,,,,PM.* RB.* VB.* PR.* DT.*
500194,DT.* NN.* JJ.* CC.* NN.*,,,,DT.* NN.* JJ.* CC.* NN.*
500195,JJ.* CC.* NN.* CC.* NN.*,,,,JJ.* CC.* NN.* CC.* NN.*
500196,CC.* NN.* CC.* FW PM.*,,,,CC.* NN.* CC.* FW PM.*
500197,NN.* CC.* FW PM.* VB.*,,,,NN.* CC.* FW PM.* VB.*
500198,FW PM.* VB.* RB.* PR.*,,,,FW PM.* VB.* RB.* PR.*
500199,JJ.* DT.* NN.* CC.* DT.*,,,,JJ.* DT.* NN.* CC.* DT.*
500200,VB.* PR.*_CC.* VB.* CC.* NN.*,,,,VB.* PR.*_CC.* VB.* CC.* NN.*
500201,PR.*_CC.* VB.* CC.* NN.* RB.*,,,,PR.*_CC.* VB.* CC.* NN.* RB.*
500202,RB.* CC.* NN.* PM.* VB.*,,,,RB.* CC.* NN.* PM.* VB.*
500203,CC.* NN.* PM.* VB.* RB.*,,,,CC.* NN.* PM.* VB.* RB.*
500204,NN.* PM.* VB.* RB.* PR.*,,,,NN.* PM.* VB.* RB.* PR.*
500205,PR.* CC.* VB.* CC.* NN.*,,,,PR.* CC.* VB.* CC.* NN.*
500206,NN.* CC.* RB.* RB.* CC.*,,,,NN.* CC.* RB.* RB.* CC.*
500207,RB.* DT.* VB.* CC.* NN.*,,,,RB.* DT.* VB.* CC.* NN.*
500208,DT.* VB.* CC.* NN.* PM.*,,,,DT.* VB.* CC.* NN.* PM.*
500209,CC.* VB.* CC.* FW PM.*,,,,CC.* VB.* CC.* FW PM.*
500210,CC.* FW PM.* CC.* VB.*,,,,CC.* FW PM.* CC.* VB.*
500211,RB.* PM.* CC.* DT.* NN.*,,,,RB.* PM.* CC.* DT.* NN.*
500212,DT.* NN.*_CC.* VB.* CC.* PR.*,,,,DT.* NN.*_CC.* VB.* CC.* PR.*
500213,VB.* PM.* PM.* RB.* JJ.*,,,,VB.* PM.* PM.* RB.* JJ.*
500214,RB.* DT.* NN.* CC.* FW,,,,RB.* DT.* NN.* CC.* FW
500215,CC.* CD.* NN.* CC.* NN.*,,,,CC.* CD.* NN.* CC.* NN.*
500216,CC.* VB.* RB.* RB.* DT.*,,,,CC.* VB.* RB.* RB.* DT.*
500217,CC.* CD.* NN.* DT.* NN.*,,,,CC.* CD.* NN.* DT.* NN.*
500218,NN.* NN.* PM.* CC.* PM.*,,,,NN.* NN.* PM.* CC.* PM.*
500219,PM.* PR.* CC.* NN.* CC.*,,,,PM.* PR.* CC.* NN.* CC.*
500220,CD.* NN.* CC.* VB.* CC.*,,,,CD.* NN.* CC.* VB.* CC.*
500221,VB.* CC.* NN.* CC.* FW,,,,VB.* CC.* NN.* CC.* FW
500222,DT.* NN.* NN.* CC.* JJ.*_CC.*,,,,DT.* NN.* NN.* CC.* JJ.*_CC.*
500223,NN.* CC.* JJ.*_CC.* NN.* NN.*,,,,NN.* CC.* JJ.*_CC.* NN.* NN.*
500224,VB.* RB.* DT.* DT.* NN.*_CC.*,,,,VB.* RB.* DT.* DT.* NN.*_CC.*
500225,RB.* DT.* DT.* NN.*_CC.* VB.*,,,,RB.* DT.* DT.* NN.*_CC.* VB.*
500226,CC.* DT.* DT.* NN.* CC.*,,,,CC.* DT.* DT.* NN.* CC.*
500227,PR.* LM VB.* CC.* NN.*,,,,PR.* LM VB.* CC.* NN.*
500228,LM VB.* CC.* NN.* CC.*,,,,LM VB.* CC.* NN.* CC.*
500229,NN.* CC.* NN.* CC.* NN.*_CC.*,,,,NN.* CC.* NN.* CC.* NN.*_CC.*
500230,CC.* JJ.* DT.* DT.* NN.*,,,,CC.* JJ.* DT.* DT.* NN.*
500231,RB.*_CC.* VB.* CC.* DT.* FW,,,,RB.*_CC.* VB.* CC.* DT.* FW
500232,VB.* DT.* NN.* NN.* CC.*,,,,VB.* DT.* NN.* NN.* CC.*
500233,NN.* CC.* FW CC.* PR.*,,,,NN.* CC.* FW CC.* PR.*
500234,RB.* VB.* CC.* NN.* DT.*,,,,RB.* VB.* CC.* NN.* DT.*
500235,PM.* CC.* VB.* NN.* CC.*,,,,PM.* CC.* VB.* NN.* CC.*
500236,CC.* PR.*_CC.* NN.* CC.* DT.*,,,,CC.* PR.*_CC.* NN.* CC.* DT.*
500237,NN.* CC.* DT.* NN.*_CC.* PR.*,,,,NN.* CC.* DT.* NN.*_CC.* PR.*
500238,CC.* DT.* NN.*_CC.* PR.* PM.*,,,,CC.* DT.* NN.*_CC.* PR.* PM.*
500239,JJ.*_CC.* NN.* DT.* VB.* CC.*,,,,JJ.*_CC.* NN.* DT.* VB.* CC.*
500240,NN.* DT.* VB.* CC.* DT.*,,,,NN.* DT.* VB.* CC.* DT.*
500241,DT.* VB.* CC.* DT.* NN.*,,,,DT.* VB.* CC.* DT.* NN.*
500242,VB.* CC.* DT.* NN.* PM.*,,,,VB.* CC.* DT.* NN.* PM.*
500243,VB.* CC.* DT.* PR.*_CC.* NN.*,,,,VB.* CC.* DT.* PR.*_CC.* NN.*
500244,DT.* PR.*_CC.* NN.* CC.* VB.*,,,,DT.* PR.*_CC.* NN.* CC.* VB.*
500245,PR.*_CC.* NN.* CC.* VB.* RB.*,,,,PR.*_CC.* NN.* CC.* VB.* RB.*
500246,VB.* RB.* CC.* NN.* CC.*,,,,VB.* RB.* CC.* NN.* CC.*
500247,CC.* VB.* RB.* CC.* NN.*,,,,CC.* VB.* RB.* CC.* NN.*
500248,RB.* CC.* NN.* DT.* NN.*,,,,RB.* CC.* NN.* DT.* NN.*
500249,PR.* CC.* DT.* NN.*_CC.* JJ.*,,,,PR.* CC.* DT.* NN.*_CC.* JJ.*
500250,PM.* VB.* DT.* NN.* CC.*,,,,PM.* VB.* DT.* NN.* CC.*
500251,VB.* DT.* NN.* CC.* NN.*,,,,VB.* DT.* NN.* CC.* NN.*
500252,NN.* CC.* FW CC.* JJ.*_CC.*,,,,NN.* CC.* FW CC.* JJ.*_CC.*
500253,CC.* FW CC.* JJ.*_CC.* NN.*,,,,CC.* FW CC.* JJ.*_CC.* NN.*
500254,PM.* CC.* VB.* DT.* NN.*_CC.*,,,,PM.* CC.* VB.* DT.* NN.*_CC.*
500255,CC.* VB.* DT.* NN.*_CC.* NN.*,,,,CC.* VB.* DT.* NN.*_CC.* NN.*
500256,FW PM.* CC.* VB.* CC.*,,,,FW PM.* CC.* VB.* CC.*
500257,CC.* RB.*_CC.* NN.* CC.* VB.*,,,,CC.* RB.*_CC.* NN.* CC.* VB.*
500258,JJ.* CC.* VB.* DT.* NN.*,,,,JJ.* CC.* VB.* DT.* NN.*
500259,CC.* CC.* JJ.*_CC.* FW CC.*,,,,CC.* CC.* JJ.*_CC.* FW CC.*
500260,PR.*_CC.* NN.* CC.* NN.* CC.*,,,,PR.*_CC.* NN.* CC.* NN.* CC.*
500261,CC.* NN.* CC.* DT.* NN.*_CC.*,,,,CC.* NN.* CC.* DT.* NN.*_CC.*
500262,NN.* CC.* DT.* NN.*_CC.* VB.*,,,,NN.* CC.* DT.* NN.*_CC.* VB.*
500263,FW PM.* CC.* RB.* RB.*,,,,FW PM.* CC.* RB.* RB.*
500264,CC.* CC.* PM.* VB.* DT.*,,,,CC.* CC.* PM.* VB.* DT.*
500265,CC.* PM.* VB.* DT.* NN.*,,,,CC.* PM.* VB.* DT.* NN.*
500266,DT.* VB.* PR.* CC.* NN.*,,,,DT.* VB.* PR.* CC.* NN.*
500267,RB.* CC.* JJ.*_CC.* NN.* CC.*,,,,RB.* CC.* JJ.*_CC.* NN.* CC.*
500268,CC.* JJ.*_CC.* NN.* CC.* NN.*,,,,CC.* JJ.*_CC.* NN.* CC.* NN.*
500269,DT.* PR.*_CC.* PM.* FW CC.*,,,,DT.* PR.*_CC.* PM.* FW CC.*
500270,NN.* CC.* NN.* CC.* PR.*_CC.*,,,,NN.* CC.* NN.* CC.* PR.*_CC.*
500271,NN.* CC.* PR.*_CC.* NN.* FW,,,,NN.* CC.* PR.*_CC.* NN.* FW
500272,CC.* PR.*_CC.* NN.* FW CC.*,,,,CC.* PR.*_CC.* NN.* FW CC.*
500273,CC.* FW CC.* DT.* NN.*,,,,CC.* FW CC.* DT.* NN.*
500274,FW CC.* DT.* NN.* LM,,,,FW CC.* DT.* NN.* LM
500275,FW PM.* PM.* CC.* CC.*,,,,FW PM.* PM.* CC.* CC.*
500276,PR.* PM.* JJ.* DT.* VB.*,,,,PR.* PM.* JJ.* DT.* VB.*
500277,VB.* PR.* CC.* NN.* CC.*,,,,VB.* PR.* CC.* NN.* CC.*
500278,CC.* NN.* CC.* JJ.* CC.*,,,,CC.* NN.* CC.* JJ.* CC.*
500279,PM.* VB.* PR.* CC.* NN.*_CC.*,,,,PM.* VB.* PR.* CC.* NN.*_CC.*
500280,VB.* PR.* CC.* NN.*_CC.* NN.*,,,,VB.* PR.* CC.* NN.*_CC.* NN.*
500281,PR.* CC.* NN.*_CC.* NN.* CC.*,,,,PR.* CC.* NN.*_CC.* NN.* CC.*
500282,NN.* CC.* CC.* PM.* FW,,,,NN.* CC.* CC.* PM.* FW
500283,CC.* PR.* PM.* VB.* RB.*,,,,CC.* PR.* PM.* VB.* RB.*
500284,PR.* PM.* VB.* RB.* DT.*,,,,PR.* PM.* VB.* RB.* DT.*
500285,PM.* VB.* RB.* DT.* NN.*,,,,PM.* VB.* RB.* DT.* NN.*
500286,NN.* CC.* VB.*_VB.* PR.* RB.*,,,,NN.* CC.* VB.*_VB.* PR.* RB.*
500287,CC.* VB.*_VB.* PR.* RB.* RB.*,,,,CC.* VB.*_VB.* PR.* RB.* RB.*
500288,PM.* VB.* PR.* CC.* NN.*,,,,PM.* VB.* PR.* CC.* NN.*
500289,PR.*_CC.* NN.* CC.* RB.* RB.*,,,,PR.*_CC.* NN.* CC.* RB.* RB.*
500290,CC.* RB.* RB.* VB.* DT.*,,,,CC.* RB.* RB.* VB.* DT.*
500291,RB.* RB.* VB.* DT.* NN.*,,,,RB.* RB.* VB.* DT.* NN.*
500292,RB.* VB.* DT.* NN.* CC.*,,,,RB.* VB.* DT.* NN.* CC.*
500293,CC.* CC.* VB.* CC.* DT.*,,,,CC.* CC.* VB.* CC.* DT.*
500294,DT.* CC.* PM.* FW CC.*,,,,DT.* CC.* PM.* FW CC.*
500295,CC.* PM.* FW CC.* NN.*,,,,CC.* PM.* FW CC.* NN.*
500296,PM.* CD.* NN.* CC.* NN.*,,,,PM.* CD.* NN.* CC.* NN.*
500297,JJ.*_CC.* NN.* PR.* DT.* NN.*,,,,JJ.*_CC.* NN.* PR.* DT.* NN.*
500298,VB.* CC.* NN.* DT.* NN.*,,,,VB.* CC.* NN.* DT.* NN.*
500299,CC.* NN.* DT.* NN.* CC.*,,,,CC.* NN.* DT.* NN.* CC.*
500300,DT.* NN.* CC.* PR.* PM.*,,,,DT.* NN.* CC.* PR.* PM.*
500301,PM.* VB.* RB.* CC.* FW,,,,PM.* VB.* RB.* CC.* FW
500302,CC.* RB.* DT.* VB.* CC.*,,,,CC.* RB.* DT.* VB.* CC.*
500303,VB.* CC.* VB.* DT.* FW,,,,VB.* CC.* VB.* DT.* FW
500304,CC.* RB.* VB.* DT.* NN.*,,,,CC.* RB.* VB.* DT.* NN.*
500305,RB.* VB.* DT.* NN.* PM.*,,,,RB.* VB.* DT.* NN.* PM.*
500306,VB.* DT.* NN.* PM.* CC.*,,,,VB.* DT.* NN.* PM.* CC.*
500307,NN.* PM.* CC.* RB.* PR.*,,,,NN.* PM.* CC.* RB.* PR.*
500308,DT.* NN.* CC.* DT.* FW,,,,DT.* NN.* CC.* DT.* FW
500309,NN.* CC.* DT.* FW CC.*,,,,NN.* CC.* DT.* FW CC.*
500310,NN.* CC.* NN.* PR.*_CC.* DT.*,,,,NN.* CC.* NN.* PR.*_CC.* DT.*
500311,CC.* NN.* PR.*_CC.* DT.* NN.*,,,,CC.* NN.* PR.*_CC.* DT.* NN.*
500312,NN.* PR.*_CC.* DT.* NN.* NN.*,,,,NN.* PR.*_CC.* DT.* NN.* NN.*
500313,NN.* PM.* PR.* PM.* FW,,,,NN.* PM.* PR.* PM.* FW
500314,PM.* PR.* PM.* FW VB.*,,,,PM.* PR.* PM.* FW VB.*
500315,PR.* PM.* FW VB.* CC.*,,,,PR.* PM.* FW VB.* CC.*
500316,DT.* JJ.*_CC.* NN.* DT.* NN.*,,,,DT.* JJ.*_CC.* NN.* DT.* NN.*
500317,NN.* RB.* RB.* VB.* PR.*,,,,NN.* RB.* RB.* VB.* PR.*
500318,RB.* RB.* VB.* PR.* CC.*,,,,RB.* RB.* VB.* PR.* CC.*
500319,CC.* PR.*_CC.* FW FW RB.*,,,,CC.* PR.*_CC.* FW FW RB.*
500320,DT.* NN.* LM RB.* VB.*_VB.*,,,,DT.* NN.* LM RB.* VB.*_VB.*
500321,VB.*_VB.* CC.* NN.* CC.* DT.*,,,,VB.*_VB.* CC.* NN.* CC.* DT.*
500322,RB.* CC.* PR.*_CC.* NN.* CC.*,,,,RB.* CC.* PR.*_CC.* NN.* CC.*
500323,NN.* CC.* VB.* CC.* DT.*,,,,NN.* CC.* VB.* CC.* DT.*
500324,CC.* VB.* CC.* DT.* NN.*,,,,CC.* VB.* CC.* DT.* NN.*
500325,VB.* CC.* DT.* NN.* CC.*,,,,VB.* CC.* DT.* NN.* CC.*
500326,CC.* DT.* NN.* CC.* PR.*,,,,CC.* DT.* NN.* CC.* PR.*
500327,DT.* NN.* CC.* PR.* CC.*,,,,DT.* NN.* CC.* PR.* CC.*
500328,PM.* NN.* CC.* PR.*_CC.* NN.*,,,,PM.* NN.* CC.* PR.*_CC.* NN.*
500329,CC.* PR.*_CC.* NN.* DT.* FW,,,,CC.* PR.*_CC.* NN.* DT.* FW
500330,DT.* FW CC.* PR.*_CC.* NN.*,,,,DT.* FW CC.* PR.*_CC.* NN.*
500331,FW CC.* PR.*_CC.* NN.* PM.*,,,,FW CC.* PR.*_CC.* NN.* PM.*
500332,VB.* CC.* RB.* PR.* PM.*,,,,VB.* CC.* RB.* PR.* PM.*
500333,RB.* DT.* JJ.* CC.* NN.*,,,,RB.* DT.* JJ.* CC.* NN.*
500334,NN.* CC.* PR.*_CC.* NN.* NN.*,,,,NN.* CC.* PR.*_CC.* NN.* NN.*
500335,DT.* JJ.*_CC.* NN.* NN.* FW,,,,DT.* JJ.*_CC.* NN.* NN.* FW
500336,NN.* NN.* PM.* JJ.*_CC.* FW,,,,NN.* NN.* PM.* JJ.*_CC.* FW
500337,NN.* PM.* JJ.*_CC.* FW CC.*,,,,NN.* PM.* JJ.*_CC.* FW CC.*
500338,PM.* JJ.*_CC.* FW CC.* DT.*,,,,PM.* JJ.*_CC.* FW CC.* DT.*
500339,DT.* DT.* NN.* CC.* NN.*,,,,DT.* DT.* NN.* CC.* NN.*
500340,DT.* NN.* PM.* RB.* VB.*,,,,DT.* NN.* PM.* RB.* VB.*
500341,PR.* DT.* DT.* NN.* CC.*,,,,PR.* DT.* DT.* NN.* CC.*
500342,DT.* DT.* NN.* CC.* VB.*,,,,DT.* DT.* NN.* CC.* VB.*
500343,CC.* DT.* NN.*_CC.* VB.* CC.*,,,,CC.* DT.* NN.*_CC.* VB.* CC.*
500344,CC.* DT.* JJ.* CC.* NN.*,,,,CC.* DT.* JJ.* CC.* NN.*
500345,JJ.* DT.* NN.* DT.* NN.*,,,,JJ.* DT.* NN.* DT.* NN.*
500346,NN.* DT.* NN.* CC.* DT.*,,,,NN.* DT.* NN.* CC.* DT.*
500347,CC.* NN.* PM.* CC.* RB.*,,,,CC.* NN.* PM.* CC.* RB.*
500348,NN.* PM.* CC.* RB.* VB.*,,,,NN.* PM.* CC.* RB.* VB.*
500349,PM.* CC.* RB.* VB.* CC.*,,,,PM.* CC.* RB.* VB.* CC.*
500350,CC.* RB.* VB.* CC.* NN.*,,,,CC.* RB.* VB.* CC.* NN.*
500351,LM VB.* RB.* CC.* NN.*,,,,LM VB.* RB.* CC.* NN.*
500352,VB.* RB.* CC.* NN.* PM.*,,,,VB.* RB.* CC.* NN.* PM.*
500353,NN.* DT.* NN.* CC.* CC.*,,,,NN.* DT.* NN.* CC.* CC.*
500354,DT.* NN.* CC.* CC.* FW,,,,DT.* NN.* CC.* CC.* FW
500355,JJ.*_CC.* NN.* RB.* DT.* NN.*,,,,JJ.*_CC.* NN.* RB.* DT.* NN.*
500356,NN.* RB.* DT.* NN.* PM.*,,,,NN.* RB.* DT.* NN.* PM.*
500357,CC.* JJ.* CC.* NN.* PM.*,,,,CC.* JJ.* CC.* NN.* PM.*
500358,CC.* NN.* PM.* PR.* RB.*,,,,CC.* NN.* PM.* PR.* RB.*
500359,PR.* RB.* DT.* NN.*_CC.* VB.*,,,,PR.* RB.* DT.* NN.*_CC.* VB.*
500360,PR.* CC.* NN.* CC.* DT.*,,,,PR.* CC.* NN.* CC.* DT.*
500361,PM.* CC.* RB.* VB.* NN.*,,,,PM.* CC.* RB.* VB.* NN.*
500362,CC.* VB.* PR.* CC.* FW,,,,CC.* VB.* PR.* CC.* FW
500363,FW CC.* DT.* NN.* PM.*,,,,FW CC.* DT.* NN.* PM.*
500364,CC.* DT.* NN.* PM.* JJ.*,,,,CC.* DT.* NN.* PM.* JJ.*
500365,DT.* NN.* PM.* JJ.* RB.*,,,,DT.* NN.* PM.* JJ.* RB.*
500366,RB.* DT.* NN.* PM.* CC.*,,,,RB.* DT.* NN.* PM.* CC.*
500367,FW PM.* CC.* NN.* CC.*,,,,FW PM.* CC.* NN.* CC.*
500368,PR.* RB.*_CC.* DT.* NN.* CC.*,,,,PR.* RB.*_CC.* DT.* NN.* CC.*
500369,CC.* JJ.* PM.* CC.* PR.*,,,,CC.* JJ.* PM.* CC.* PR.*
500370,JJ.* PM.* CC.* PR.* DT.*,,,,JJ.* PM.* CC.* PR.* DT.*
500371,JJ.*_CC.* NN.* CC.* NN.* CC.*,,,,JJ.*_CC.* NN.* CC.* NN.* CC.*
500372,NN.* CC.* NN.* CC.* VB.*,,,,NN.* CC.* NN.* CC.* VB.*
500373,DT.* NN.* CC.* DT.* JJ.*,,,,DT.* NN.* CC.* DT.* JJ.*
500374,JJ.* CC.* NN.* CC.* PR.*_CC.*,,,,JJ.* CC.* NN.* CC.* PR.*_CC.*
500375,DT.* NN.*_CC.* VB.* CC.* NN.*,,,,DT.* NN.*_CC.* VB.* CC.* NN.*
500376,CC.* VB.* CC.* DT.* FW,,,,CC.* VB.* CC.* DT.* FW
500377,VB.* CC.* DT.* FW CC.*,,,,VB.* CC.* DT.* FW CC.*
500378,RB.* CC.* JJ.*_CC.* NN.* DT.*,,,,RB.* CC.* JJ.*_CC.* NN.* DT.*
500379,CC.* JJ.*_CC.* NN.* DT.* NN.*,,,,CC.* JJ.*_CC.* NN.* DT.* NN.*
500380,CC.* VB.* DT.* PR.*_CC.* NN.*,,,,CC.* VB.* DT.* PR.*_CC.* NN.*
500381,FW CC.* NN.* PM.* JJ.*,,,,FW CC.* NN.* PM.* JJ.*
500382,DT.* NN.* DT.* FW PM.*,,,,DT.* NN.* DT.* FW PM.*
500383,CC.* RB.* RB.* DT.* NN.*,,,,CC.* RB.* RB.* DT.* NN.*
500384,CC.* DT.* NN.* CC.* CC.*,,,,CC.* DT.* NN.* CC.* CC.*
500385,RB.* RB.* NN.* CC.* PR.*,,,,RB.* RB.* NN.* CC.* PR.*
500386,DT.* NN.* DT.* VB.* CC.*,,,,DT.* NN.* DT.* VB.* CC.*
500387,NN.* DT.* VB.* CC.* FW,,,,NN.* DT.* VB.* CC.* FW
500388,FW CC.* NN.* CC.* NN.*,,,,FW CC.* NN.* CC.* NN.*
500389,CC.* NN.* CC.* NN.* PM.*,,,,CC.* NN.* CC.* NN.* PM.*
500390,NN.* CC.* NN.* PM.* RB.*,,,,NN.* CC.* NN.* PM.* RB.*
500391,NN.* PM.* RB.* JJ.* CC.*,,,,NN.* PM.* RB.* JJ.* CC.*
500392,JJ.* CC.* NN.* DT.* NN.*,,,,JJ.* CC.* NN.* DT.* NN.*
500393,NN.* DT.* NN.* CC.* JJ.*,,,,NN.* DT.* NN.* CC.* JJ.*
500394,DT.* NN.* CC.* JJ.* DT.*,,,,DT.* NN.* CC.* JJ.* DT.*
500395,NN.* CC.* JJ.* DT.* NN.*,,,,NN.* CC.* JJ.* DT.* NN.*
500396,JJ.* DT.* NN.* CC.* CC.*,,,,JJ.* DT.* NN.* CC.* CC.*
500397,NN.* CC.* CC.* NN.*_CC.* JJ.*,,,,NN.* CC.* CC.* NN.*_CC.* JJ.*
500398,CC.* NN.*_CC.* JJ.* CC.* NN.*,,,,CC.* NN.*_CC.* JJ.* CC.* NN.*
500399,NN.*_CC.* JJ.* CC.* NN.* PM.*,,,,NN.*_CC.* JJ.* CC.* NN.* PM.*
500400,JJ.* CC.* NN.* PM.* JJ.*,,,,JJ.* CC.* NN.* PM.* JJ.*
500401,CC.* NN.* PM.* JJ.* RB.*,,,,CC.* NN.* PM.* JJ.* RB.*
500402,NN.* CC.* PR.*_CC.* NN.* PM.*,,,,NN.* CC.* PR.*_CC.* NN.* PM.*
500403,NN.* DT.* NN.* PM.* RB.*,,,,NN.* DT.* NN.* PM.* RB.*
500404,NN.* CC.* NN.* PM.* PR.*_CC.*,,,,NN.* CC.* NN.* PM.* PR.*_CC.*
500405,CC.* NN.* PM.* PR.*_CC.* FW,,,,CC.* NN.* PM.* PR.*_CC.* FW
500406,NN.* PM.* PR.*_CC.* FW FW,,,,NN.* PM.* PR.*_CC.* FW FW
500407,PR.*_CC.* FW FW PM.* VB.*,,,,PR.*_CC.* FW FW PM.* VB.*
500408,CC.* FW PM.* VB.* DT.*,,,,CC.* FW PM.* VB.* DT.*
500409,RB.* CC.* NN.* CC.* DT.*,,,,RB.* CC.* NN.* CC.* DT.*
500410,JJ.* PR.*_CC.* VB.* CC.* DT.*,,,,JJ.* PR.*_CC.* VB.* CC.* DT.*
500411,VB.* CC.* DT.* NN.*_CC.* VB.*,,,,VB.* CC.* DT.* NN.*_CC.* VB.*
500412,NN.* DT.* JJ.*_CC.* NN.* CC.*,,,,NN.* DT.* JJ.*_CC.* NN.* CC.*
500413,DT.* JJ.*_CC.* NN.* CC.* NN.*,,,,DT.* JJ.*_CC.* NN.* CC.* NN.*
500414,VB.* DT.* JJ.*_CC.* NN.* NN.*,,,,VB.* DT.* JJ.*_CC.* NN.* NN.*
500415,NN.* NN.* CC.* RB.* RB.*,,,,NN.* NN.* CC.* RB.* RB.*
500416,RB.* RB.* VB.* DT.* FW,,,,RB.* RB.* VB.* DT.* FW
500417,NN.* NN.* CC.* DT.* NN.*_CC.*,,,,NN.* NN.* CC.* DT.* NN.*_CC.*
500418,DT.* NN.*_CC.* PR.*_CC.* NN.*_CC.* VB.*,,,,DT.* NN.*_CC.* PR.*_CC.* NN.*_CC.* VB.*
500419,CC.* VB.* RB.* VB.* DT.*,,,,CC.* VB.* RB.* VB.* DT.*
500420,VB.* RB.* VB.* DT.* NN.*,,,,VB.* RB.* VB.* DT.* NN.*
500421,FW PM.* CC.* VB.* DT.*,,,,FW PM.* CC.* VB.* DT.*
500422,CC.* PR.*_CC.* NN.* NN.* DT.*,,,,CC.* PR.*_CC.* NN.* NN.* DT.*
500423,NN.* NN.* DT.* JJ.*_CC.* NN.*,,,,NN.* NN.* DT.* JJ.*_CC.* NN.*
500424,NN.* DT.* JJ.*_CC.* NN.* NN.*,,,,NN.* DT.* JJ.*_CC.* NN.* NN.*
500425,RB.* CC.* VB.*_CC.* NN.* CC.*,,,,RB.* CC.* VB.*_CC.* NN.* CC.*
500426,CC.* NN.*_CC.* VB.* CC.* NN.*,,,,CC.* NN.*_CC.* VB.* CC.* NN.*
500427,NN.*_CC.* VB.* CC.* NN.* PM.*,,,,NN.*_CC.* VB.* CC.* NN.* PM.*
500428,VB.* CC.* NN.* PM.* PR.*_CC.*,,,,VB.* CC.* NN.* PM.* PR.*_CC.*
500429,PR.* DT.* VB.*_CC.* NN.* CC.*,,,,PR.* DT.* VB.*_CC.* NN.* CC.*
500430,NN.* CC.* NN.* CC.* JJ.*_CC.*,,,,NN.* CC.* NN.* CC.* JJ.*_CC.*
500431,RB.* CC.* DT.* NN.* CC.*,,,,RB.* CC.* DT.* NN.* CC.*
500432,CC.* DT.* NN.* CC.* NN.*,,,,CC.* DT.* NN.* CC.* NN.*
500433,RB.* CC.* VB.* CC.* DT.*,,,,RB.* CC.* VB.* CC.* DT.*
500434,CC.* DT.* NN.* PM.* FW,,,,CC.* DT.* NN.* PM.* FW
500435,FW PM.* NN.* CC.* JJ.*,,,,FW PM.* NN.* CC.* JJ.*
500436,FW RB.* CC.* DT.* NN.*,,,,FW RB.* CC.* DT.* NN.*
500437,RB.* CC.* DT.* NN.* PM.*,,,,RB.* CC.* DT.* NN.* PM.*
500438,NN.* CC.* VB.* PR.* CC.*,,,,NN.* CC.* VB.* PR.* CC.*
500439,CC.* VB.* PR.* CC.* NN.*_CC.*,,,,CC.* VB.* PR.* CC.* NN.*_CC.*
500440,PR.*_CC.* VB.* CC.* NN.* CC.*,,,,PR.*_CC.* VB.* CC.* NN.* CC.*
500441,VB.* CC.* NN.* CC.* CC.*,,,,VB.* CC.* NN.* CC.* CC.*
500442,CC.* NN.* PM.* PR.*_CC.* NN.*,,,,CC.* NN.* PM.* PR.*_CC.* NN.*
500443,NN.* RB.* RB.* VB.* DT.*,,,,NN.* RB.* RB.* VB.* DT.*
500444,FW CC.* VB.* PM.* NN.*,,,,FW CC.* VB.* PM.* NN.*
500445,CC.* VB.* PM.* NN.* CC.*,,,,CC.* VB.* PM.* NN.* CC.*
500446,PR.* CC.* NN.* CC.* FW,,,,PR.* CC.* NN.* CC.* FW
500447,FW FW CC.* PR.*_CC.* NN.*,,,,FW FW CC.* PR.*_CC.* NN.*
500448,FW CC.* PR.*_CC.* NN.* DT.*,,,,FW CC.* PR.*_CC.* NN.* DT.*
500449,CC.* NN.* CC.* JJ.*_CC.* NN.*,,,,CC.* NN.* CC.* JJ.*_CC.* NN.*
500450,CC.* JJ.*_CC.* NN.* FW FW,,,,CC.* JJ.*_CC.* NN.* FW FW
500451,DT.* NN.* CC.* VB.* PM.*,,,,DT.* NN.* CC.* VB.* PM.*
500452,NN.* CC.* VB.* CC.* JJ.*,,,,NN.* CC.* VB.* CC.* JJ.*
500453,VB.* CC.* DT.* NN.* DT.*,,,,VB.* CC.* DT.* NN.* DT.*
500454,PR.* CC.* DT.* NN.* CC.*,,,,PR.* CC.* DT.* NN.* CC.*
500455,NN.* CC.* PR.*_CC.* NN.* JJ.*,,,,NN.* CC.* PR.*_CC.* NN.* JJ.*
500456,CC.* PR.*_CC.* NN.* JJ.* CC.*,,,,CC.* PR.*_CC.* NN.* JJ.* CC.*
500457,CC.* NN.* CC.* JJ.*_CC.* FW,,,,CC.* NN.* CC.* JJ.*_CC.* FW
500458,LM VB.* RB.* CC.* DT.*,,,,LM VB.* RB.* CC.* DT.*
500459,NN.* CC.* NN.* CC.* NN.*,,,,NN.* CC.* NN.* CC.* NN.*
500460,PR.* DT.* VB.* CC.* NN.*,,,,PR.* DT.* VB.* CC.* NN.*
500461,CC.* DT.* VB.* RB.* CC.*,,,,CC.* DT.* VB.* RB.* CC.*
500462,DT.* DT.* JJ.* PM.* NN.*,,,,DT.* DT.* JJ.* PM.* NN.*
500463,DT.* JJ.* PM.* NN.* CC.*,,,,DT.* JJ.* PM.* NN.* CC.*
500464,JJ.* PM.* NN.* CC.* VB.*_CC.*,,,,JJ.* PM.* NN.* CC.* VB.*_CC.*
500465,CC.* NN.* CC.* PR.* DT.*,,,,CC.* NN.* CC.* PR.* DT.*
500466,NN.* CC.* PR.* DT.* VB.*,,,,NN.* CC.* PR.* DT.* VB.*
500467,CC.* PR.* DT.* VB.* CC.*,,,,CC.* PR.* DT.* VB.* CC.*
500468,FW CC.* VB.* CC.* DT.*,,,,FW CC.* VB.* CC.* DT.*
500469,CC.* VB.* PR.* DT.* NN.*,,,,CC.* VB.* PR.* DT.* NN.*
500470,PR.* DT.* NN.* CC.* PR.*,,,,PR.* DT.* NN.* CC.* PR.*
500471,VB.* CC.* NN.* PM.* RB.*,,,,VB.* CC.* NN.* PM.* RB.*
500472,CC.* NN.* PM.* RB.* PR.*,,,,CC.* NN.* PM.* RB.* PR.*
500473,PR.* VB.* CC.* NN.* CC.*,,,,PR.* VB.* CC.* NN.* CC.*
500474,DT.* VB.* NN.* PR.* CC.*,,,,DT.* VB.* NN.* PR.* CC.*
500475,NN.* NN.* CC.* DT.* VB.*_CC.*,,,,NN.* NN.* CC.* DT.* VB.*_CC.*
500476,NN.* CC.* DT.* VB.*_CC.* NN.*,,,,NN.* CC.* DT.* VB.*_CC.* NN.*
500477,DT.* VB.* DT.* NN.* CC.*,,,,DT.* VB.* DT.* NN.* CC.*
500478,CC.* PR.*_CC.* NN.* PM.* NN.*,,,,CC.* PR.*_CC.* NN.* PM.* NN.*
500479,NN.* CC.* RB.* DT.* VB.*,,,,NN.* CC.* RB.* DT.* VB.*
500480,PM.* JJ.* CC.* NN.* CC.*,,,,PM.* JJ.* CC.* NN.* CC.*
500481,PR.*_CC.* NN.* DT.* FW FW,,,,PR.*_CC.* NN.* DT.* FW FW
500482,CC.* VB.* RB.* DT.* NN.*,,,,CC.* VB.* RB.* DT.* NN.*
500483,DT.* NN.* CC.* PR.* RB.*,,,,DT.* NN.* CC.* PR.* RB.*
500484,PM.* CC.* DT.* NN.* CC.*,,,,PM.* CC.* DT.* NN.* CC.*
500485,CC.* VB.* PR.* CC.* VB.*_CC.*,,,,CC.* VB.* PR.* CC.* VB.*_CC.*
500486,VB.* PR.* CC.* VB.*_CC.* NN.*,,,,VB.* PR.* CC.* VB.*_CC.* NN.*
500487,VB.*_CC.* NN.* PM.* NN.* CC.*,,,,VB.*_CC.* NN.* PM.* NN.* CC.*
500488,VB.* DT.* NN.* PM.* FW,,,,VB.* DT.* NN.* PM.* FW
500489,RB.* DT.* NN.* RB.* NN.*,,,,RB.* DT.* NN.* RB.* NN.*
500490,NN.* RB.* NN.* PM.* CD.*,,,,NN.* RB.* NN.* PM.* CD.*
500491,RB.* RB.* PR.*_CC.* NN.* DT.*,,,,RB.* RB.* PR.*_CC.* NN.* DT.*
500492,VB.* DT.* PR.*_CC.* NN.* CC.*,,,,VB.* DT.* PR.*_CC.* NN.* CC.*
500493,DT.* PR.*_CC.* NN.* CC.* NN.*,,,,DT.* PR.*_CC.* NN.* CC.* NN.*
500494,PM.* NN.* FW DT.* NN.*,,,,PM.* NN.* FW DT.* NN.*
500495,NN.* FW DT.* NN.* CC.*,,,,NN.* FW DT.* NN.* CC.*
500496,NN.* CC.* JJ.* RB.* CC.*,,,,NN.* CC.* JJ.* RB.* CC.*
500497,NN.* CC.* RB.* RB.* RB.*,,,,NN.* CC.* RB.* RB.* RB.*
500498,PM.* NN.* CC.* VB.* CC.*,,,,PM.* NN.* CC.* VB.* CC.*
500499,PM.* NN.* DT.* DT.* NN.*,,,,PM.* NN.* DT.* DT.* NN.*
500500,RB.* RB.* VB.* NN.* DT.*,,,,RB.* RB.* VB.* NN.* DT.*
500501,NN.* RB.*_CC.* CD.* PM.* RB.*,,,,NN.* RB.*_CC.* CD.* PM.* RB.*
500502,CC.* PR.*_CC.* DT.* NN.* PM.*,,,,CC.* PR.*_CC.* DT.* NN.* PM.*
500503,RB.* PR.* CC.* NN.* CC.*,,,,RB.* PR.* CC.* NN.* CC.*
500504,NN.* PM.* VB.* PR.* DT.*,,,,NN.* PM.* VB.* PR.* DT.*
500505,VB.* PR.* DT.* DT.* NN.*,,,,VB.* PR.* DT.* DT.* NN.*
500506,NN.* CC.* NN.* CC.* VB.*_CC.*,,,,NN.* CC.* NN.* CC.* VB.*_CC.*
500507,VB.*_CC.* NN.* DT.* FW FW,,,,VB.*_CC.* NN.* DT.* FW FW
500508,NN.* CC.* VB.* DT.* VB.*,,,,NN.* CC.* VB.* DT.* VB.*
500509,CC.* VB.* DT.* VB.* CC.*,,,,CC.* VB.* DT.* VB.* CC.*
500510,VB.* DT.* VB.* CC.* DT.*,,,,VB.* DT.* VB.* CC.* DT.*
500511,PR.* DT.* NN.* CC.* NN.*,,,,PR.* DT.* NN.* CC.* NN.*
500512,DT.* NN.* CC.* NN.* PM.*,,,,DT.* NN.* CC.* NN.* PM.*
500513,NN.* CC.* NN.* PM.* JJ.*,,,,NN.* CC.* NN.* PM.* JJ.*
500514,NN.* CC.* VB.* CC.* CD.*,,,,NN.* CC.* VB.* CC.* CD.*
500515,VB.* PM.* NN.* CC.* VB.*,,,,VB.* PM.* NN.* CC.* VB.*
500516,PM.* NN.* CC.* VB.* DT.*,,,,PM.* NN.* CC.* VB.* DT.*
500517,PM.* DT.* NN.* CC.* VB.*,,,,PM.* DT.* NN.* CC.* VB.*
500518,CC.* NN.* PM.* RB.* VB.*,,,,CC.* NN.* PM.* RB.* VB.*
500519,NN.* PM.* RB.* VB.* PR.*_CC.*,,,,NN.* PM.* RB.* VB.* PR.*_CC.*
500520,CC.* VB.* DT.* FW CC.*,,,,CC.* VB.* DT.* FW CC.*
500521,DT.* PR.*_CC.* NN.* CC.* CC.*,,,,DT.* PR.*_CC.* NN.* CC.* CC.*
500522,DT.* JJ.*_JJ.*_CC.* NN.* CC.* RB.*,,,,DT.* JJ.*_JJ.*_CC.* NN.* CC.* RB.*
500523,NN.* RB.* RB.* JJ.* PM.*,,,,NN.* RB.* RB.* JJ.* PM.*
500524,JJ.* FW CC.* NN.* PM.*,,,,JJ.* FW CC.* NN.* PM.*
500525,DT.* FW CC.* VB.* CC.*,,,,DT.* FW CC.* VB.* CC.*
500526,FW CC.* VB.* CC.* NN.*,,,,FW CC.* VB.* CC.* NN.*
500527,VB.*_CC.* NN.* CC.* FW PM.*,,,,VB.*_CC.* NN.* CC.* FW PM.*
500528,FW PM.* VB.* DT.* NN.*,,,,FW PM.* VB.* DT.* NN.*
500529,CC.* PR.*_CC.* NN.* PM.* VB.*,,,,CC.* PR.*_CC.* NN.* PM.* VB.*
500530,PR.*_CC.* NN.* PM.* VB.* DT.*,,,,PR.*_CC.* NN.* PM.* VB.* DT.*
500531,NN.* PM.* VB.* DT.* NN.*,,,,NN.* PM.* VB.* DT.* NN.*
500532,VB.* DT.* NN.* PM.* VB.*,,,,VB.* DT.* NN.* PM.* VB.*
500533,DT.* NN.* PM.* VB.* PR.*,,,,DT.* NN.* PM.* VB.* PR.*
500534,FW PM.* PM.* NN.* NN.*,,,,FW PM.* PM.* NN.* NN.*
500535,JJ.*_CC.* NN.* DT.* NN.* PM.*,,,,JJ.*_CC.* NN.* DT.* NN.* PM.*
500536,RB.* VB.* DT.* DT.* NN.*,,,,RB.* VB.* DT.* DT.* NN.*
500537,CC.* CC.* NN.* PM.* RB.*,,,,CC.* CC.* NN.* PM.* RB.*
500538,CC.* NN.* PM.* RB.* CC.*,,,,CC.* NN.* PM.* RB.* CC.*
500539,NN.* CC.* RB.* VB.* CC.*,,,,NN.* CC.* RB.* VB.* CC.*
500540,VB.* CC.* PR.*_CC.* NN.* DT.*,,,,VB.* CC.* PR.*_CC.* NN.* DT.*
500541,PM.* RB.* JJ.* CC.* DT.*,,,,PM.* RB.* JJ.* CC.* DT.*
500542,JJ.* CC.* DT.* NN.* CC.*,,,,JJ.* CC.* DT.* NN.* CC.*
500543,PR.* CC.* RB.*_CC.* NN.* CC.*,,,,PR.* CC.* RB.*_CC.* NN.* CC.*
500544,RB.*_CC.* NN.* CC.* NN.* PM.*,,,,RB.*_CC.* NN.* CC.* NN.* PM.*
500545,CC.* DT.* NN.* PR.* CC.*,,,,CC.* DT.* NN.* PR.* CC.*
500546,CC.* DT.* NN.* CC.* VB.*,,,,CC.* DT.* NN.* CC.* VB.*
500547,DT.* NN.* CC.* VB.* PR.*_CC.*,,,,DT.* NN.* CC.* VB.* PR.*_CC.*
500548,RB.*_CC.* VB.* CC.* NN.* DT.*,,,,RB.*_CC.* VB.* CC.* NN.* DT.*
500549,NN.* CC.* VB.* CC.* JJ.*_CC.*,,,,NN.* CC.* VB.* CC.* JJ.*_CC.*
500550,CC.* VB.* CC.* JJ.*_CC.* NN.*_CC.*,,,,CC.* VB.* CC.* JJ.*_CC.* NN.*_CC.*
500551,CC.* CC.* DT.* DT.* NN.*,,,,CC.* CC.* DT.* DT.* NN.*
500552,NN.* CC.* VB.* PR.* RB.*_CC.*,,,,NN.* CC.* VB.* PR.* RB.*_CC.*
500553,NN.* PR.* PM.* RB.* RB.*,,,,NN.* PR.* PM.* RB.* RB.*
500554,PM.* RB.* RB.* PR.* VB.*,,,,PM.* RB.* RB.* PR.* VB.*
500555,RB.* RB.* PR.* VB.* DT.*,,,,RB.* RB.* PR.* VB.* DT.*
500556,VB.* DT.* PR.*_CC.* FW FW,,,,VB.* DT.* PR.*_CC.* FW FW
500557,CC.* PR.*_CC.* DT.* NN.*_CC.* VB.*,,,,CC.* PR.*_CC.* DT.* NN.*_CC.* VB.*
500558,VB.* JJ.* DT.* NN.* CC.*,,,,VB.* JJ.* DT.* NN.* CC.*
500559,VB.* PR.* CC.* VB.* CC.*,,,,VB.* PR.* CC.* VB.* CC.*
500560,PM.* FW DT.* NN.* CC.*,,,,PM.* FW DT.* NN.* CC.*
500561,FW DT.* NN.* CC.* NN.*,,,,FW DT.* NN.* CC.* NN.*
500562,NN.* CC.* VB.* RB.* DT.*,,,,NN.* CC.* VB.* RB.* DT.*
500563,CC.* NN.* RB.* RB.* JJ.*,,,,CC.* NN.* RB.* RB.* JJ.*
500564,CC.* DT.* NN.*_CC.* VB.* LM,,,,CC.* DT.* NN.*_CC.* VB.* LM
500565,CC.* DT.* NN.* PM.* RB.*,,,,CC.* DT.* NN.* PM.* RB.*
500566,NN.* PM.* RB.* VB.* DT.*,,,,NN.* PM.* RB.* VB.* DT.*
500567,RB.* RB.* RB.* DT.* NN.*,,,,RB.* RB.* RB.* DT.* NN.*
500568,RB.* DT.* NN.* DT.* NN.*,,,,RB.* DT.* NN.* DT.* NN.*
500569,CC.* JJ.*_CC.* NN.* NN.* FW,,,,CC.* JJ.*_CC.* NN.* NN.* FW
500570,JJ.*_CC.* NN.* NN.* FW CC.*,,,,JJ.*_CC.* NN.* NN.* FW CC.*
500571,CC.* NN.* LM VB.* CC.*,,,,CC.* NN.* LM VB.* CC.*
500572,LM VB.* CC.* NN.* PM.*,,,,LM VB.* CC.* NN.* PM.*
500573,PR.*_CC.* NN.* CC.* VB.* CC.*,,,,PR.*_CC.* NN.* CC.* VB.* CC.*
500574,NN.* CC.* VB.* CC.* VB.*,,,,NN.* CC.* VB.* CC.* VB.*
500575,DT.* NN.* PM.* CC.* PR.*_CC.*,,,,DT.* NN.* PM.* CC.* PR.*_CC.*
500576,PR.*_CC.* VB.* PM.* NN.* CC.*,,,,PR.*_CC.* VB.* PM.* NN.* CC.*
500577,CC.* NN.* CC.* DT.* VB.*,,,,CC.* NN.* CC.* DT.* VB.*
500578,VB.* RB.* CC.* DT.* PR.*,,,,VB.* RB.* CC.* DT.* PR.*
500579,NN.* RB.* RB.*_CC.* VB.* DT.*,,,,NN.* RB.* RB.*_CC.* VB.* DT.*
500580,DT.* CC.* PM.* NN.* CC.*,,,,DT.* CC.* PM.* NN.* CC.*
500581,LM DT.* NN.*_CC.* VB.* CC.*,,,,LM DT.* NN.*_CC.* VB.* CC.*
500582,JJ.*_CC.* NN.* CC.* NN.* PM.*,,,,JJ.*_CC.* NN.* CC.* NN.* PM.*
500583,NN.* PM.* CC.* VB.* RB.*,,,,NN.* PM.* CC.* VB.* RB.*
500584,NN.*_CC.* VB.* CC.* VB.* CC.*,,,,NN.*_CC.* VB.* CC.* VB.* CC.*
500585,NN.* CC.* FW PM.* CC.*,,,,NN.* CC.* FW PM.* CC.*
500586,CC.* JJ.* CC.* DT.* NN.*,,,,CC.* JJ.* CC.* DT.* NN.*
500587,JJ.* CC.* DT.* NN.* PR.*,,,,JJ.* CC.* DT.* NN.* PR.*
500588,PR.*_CC.* DT.* NN.* PM.* CC.*,,,,PR.*_CC.* DT.* NN.* PM.* CC.*
500589,NN.* PM.* CC.* CC.* RB.*,,,,NN.* PM.* CC.* CC.* RB.*
500590,VB.* DT.* NN.* CC.* PR.*,,,,VB.* DT.* NN.* CC.* PR.*
500591,CC.* PR.* RB.*_CC.* FW FW,,,,CC.* PR.* RB.*_CC.* FW FW
500592,PR.* RB.*_CC.* FW FW CC.*,,,,PR.* RB.*_CC.* FW FW CC.*
500593,VB.* RB.* DT.* NN.* DT.*,,,,VB.* RB.* DT.* NN.* DT.*
500594,PR.* RB.* VB.* DT.* NN.*,,,,PR.* RB.* VB.* DT.* NN.*
500595,CC.* NN.* RB.* CC.* DT.*,,,,CC.* NN.* RB.* CC.* DT.*
500596,VB.* CC.* NN.* PM.* CC.*,,,,VB.* CC.* NN.* PM.* CC.*
500597,CC.* NN.* PM.* CC.* VB.*,,,,CC.* NN.* PM.* CC.* VB.*
500598,JJ.* VB.* DT.* NN.* CC.*,,,,JJ.* VB.* DT.* NN.* CC.*
500599,PM.* CC.* VB.* CC.* FW,,,,PM.* CC.* VB.* CC.* FW
500600,VB.* PR.* CC.* NN.* PM.*,,,,VB.* PR.* CC.* NN.* PM.*
500601,PR.* CC.* NN.* PM.* FW,,,,PR.* CC.* NN.* PM.* FW
500602,FW PM.* VB.* PR.* CC.*,,,,FW PM.* VB.* PR.* CC.*
500603,CC.* NN.* PM.* PR.* DT.*,,,,CC.* NN.* PM.* PR.* DT.*
500604,PM.* CC.* VB.* CC.* NN.*,,,,PM.* CC.* VB.* CC.* NN.*
500605,FW NN.* CC.* NN.* PM.*,,,,FW NN.* CC.* NN.* PM.*
500606,RB.* DT.* JJ.*_CC.* NN.* NN.*,,,,RB.* DT.* JJ.*_CC.* NN.* NN.*
500607,DT.* JJ.*_CC.* NN.* NN.* NN.*,,,,DT.* JJ.*_CC.* NN.* NN.* NN.*
500608,VB.*_VB.*_CC.* NN.* DT.* NN.* CC.*,,,,VB.*_VB.*_CC.* NN.* DT.* NN.* CC.*
500609,NN.* DT.* NN.* CC.* FW,,,,NN.* DT.* NN.* CC.* FW
500610,CC.* CC.* PM.* NN.* CC.*,,,,CC.* CC.* PM.* NN.* CC.*
500611,NN.* CC.* RB.* PR.* PR.*,,,,NN.* CC.* RB.* PR.* PR.*
500612,VB.* DT.* NN.* CC.* FW,,,,VB.* DT.* NN.* CC.* FW
500613,RB.* DT.* NN.* CD.* PM.*,,,,RB.* DT.* NN.* CD.* PM.*
500614,PM.* RB.* VB.* DT.* NN.*,,,,PM.* RB.* VB.* DT.* NN.*
500615,VB.* DT.* NN.* CC.* VB.*,,,,VB.* DT.* NN.* CC.* VB.*
500616,NN.* CC.* NN.* RB.* RB.*,,,,NN.* CC.* NN.* RB.* RB.*
500617,CC.* NN.* RB.* RB.* VB.*,,,,CC.* NN.* RB.* RB.* VB.*
500618,RB.* RB.* VB.* DT.* PR.*_CC.*,,,,RB.* RB.* VB.* DT.* PR.*_CC.*
500619,VB.* DT.* PR.*_CC.* DT.* NN.*,,,,VB.* DT.* PR.*_CC.* DT.* NN.*
500620,DT.* PR.*_CC.* DT.* NN.* CC.*,,,,DT.* PR.*_CC.* DT.* NN.* CC.*
500621,PR.*_CC.* DT.* NN.* CC.* VB.*,,,,PR.*_CC.* DT.* NN.* CC.* VB.*
500622,CC.* PR.*_CC.* NN.* CC.* RB.*,,,,CC.* PR.*_CC.* NN.* CC.* RB.*
500623,CC.* RB.* RB.* VB.* CC.*,,,,CC.* RB.* RB.* VB.* CC.*
500624,JJ.* DT.* NN.* CC.* RB.*_CC.*,,,,JJ.* DT.* NN.* CC.* RB.*_CC.*
500625,DT.* NN.* CC.* RB.*_CC.* VB.*,,,,DT.* NN.* CC.* RB.*_CC.* VB.*
500626,NN.* CC.* RB.*_CC.* VB.* CC.*,,,,NN.* CC.* RB.*_CC.* VB.* CC.*
500627,CC.* RB.*_CC.* VB.* CC.* NN.*,,,,CC.* RB.*_CC.* VB.* CC.* NN.*
500628,CC.* PR.* DT.* NN.* CC.*,,,,CC.* PR.* DT.* NN.* CC.*
500629,PR.*_CC.* NN.* PM.* RB.* RB.*,,,,PR.*_CC.* NN.* PM.* RB.* RB.*
500630,CC.* DT.* NN.* PM.* CC.*,,,,CC.* DT.* NN.* PM.* CC.*
500631,CC.* PR.*_CC.* JJ.* CC.* NN.*,,,,CC.* PR.*_CC.* JJ.* CC.* NN.*
500632,NN.* FW PM.* VB.* RB.*,,,,NN.* FW PM.* VB.* RB.*
500633,VB.* PR.* CC.* PM.* FW,,,,VB.* PR.* CC.* PM.* FW
500634,PM.* RB.* VB.* CC.* FW,,,,PM.* RB.* VB.* CC.* FW
500635,PM.* CC.* VB.* CC.* DT.*,,,,PM.* CC.* VB.* CC.* DT.*
500636,CC.* DT.* NN.* CC.* FW,,,,CC.* DT.* NN.* CC.* FW
500637,RB.* CC.* FW DT.* NN.*,,,,RB.* CC.* FW DT.* NN.*
500638,CC.* PM.* NN.* CC.* NN.*,,,,CC.* PM.* NN.* CC.* NN.*
500639,PM.* NN.* CC.* NN.* CC.*,,,,PM.* NN.* CC.* NN.* CC.*
500640,CC.* NN.* CC.* NN.* CC.*,,,,CC.* NN.* CC.* NN.* CC.*
500641,NN.* CC.* NN.* CC.* DT.*,,,,NN.* CC.* NN.* CC.* DT.*
500642,RB.* NN.* DT.* NN.* CC.*,,,,RB.* NN.* DT.* NN.* CC.*
500643,DT.* NN.* CC.* DT.* NN.*,,,,DT.* NN.* CC.* DT.* NN.*
500644,CC.* PR.*_CC.* VB.*_CC.* NN.* PM.*,,,,CC.* PR.*_CC.* VB.*_CC.* NN.* PM.*
500645,RB.* CC.* NN.* CC.* VB.*,,,,RB.* CC.* NN.* CC.* VB.*
500646,CC.* NN.* PM.* FW DT.*,,,,CC.* NN.* PM.* FW DT.*
500647,PR.*_CC.* FW FW CC.* NN.*,,,,PR.*_CC.* FW FW CC.* NN.*
500648,FW CC.* NN.* PM.* VB.*,,,,FW CC.* NN.* PM.* VB.*
500649,VB.* DT.* NN.* CC.* PM.*,,,,VB.* DT.* NN.* CC.* PM.*
500650,PM.* RB.* CC.* VB.* DT.*,,,,PM.* RB.* CC.* VB.* DT.*
500651,RB.* CC.* VB.* DT.* NN.*,,,,RB.* CC.* VB.* DT.* NN.*
500652,DT.* NN.* PM.* FW CC.*,,,,DT.* NN.* PM.* FW CC.*
500653,LM VB.*_VB.* CC.* NN.* CC.*,,,,LM VB.*_VB.* CC.* NN.* CC.*
500654,CC.* NN.* CC.* PR.* CC.*,,,,CC.* NN.* CC.* PR.* CC.*
500655,NN.* CC.* PR.* CC.* RB.*,,,,NN.* CC.* PR.* CC.* RB.*
500656,CC.* JJ.*_CC.* NN.* CC.* CC.*,,,,CC.* JJ.*_CC.* NN.* CC.* CC.*
500657,DT.* NN.* PR.*_CC.* VB.* PM.*,,,,DT.* NN.* PR.*_CC.* VB.* PM.*
500658,NN.* PR.*_CC.* VB.* PM.* FW,,,,NN.* PR.*_CC.* VB.* PM.* FW
500659,PR.*_CC.* VB.* PM.* FW CC.*,,,,PR.*_CC.* VB.* PM.* FW CC.*
500660,NN.* PM.* VB.* RB.* CC.*,,,,NN.* PM.* VB.* RB.* CC.*
500661,VB.* RB.* CC.* DT.* NN.*,,,,VB.* RB.* CC.* DT.* NN.*
500662,RB.* RB.* DT.* NN.* PM.*,,,,RB.* RB.* DT.* NN.* PM.*
500663,NN.* PM.* PR.* DT.* VB.*,,,,NN.* PM.* PR.* DT.* VB.*
500664,DT.* VB.* CC.* JJ.* CC.*,,,,DT.* VB.* CC.* JJ.* CC.*
500665,NN.* PM.* CC.* NN.*_CC.* JJ.*,,,,NN.* PM.* CC.* NN.*_CC.* JJ.*
500666,CC.* FW PM.* NN.* CC.*,,,,CC.* FW PM.* NN.* CC.*
500667,NN.* CC.* NN.* PM.* VB.*,,,,NN.* CC.* NN.* PM.* VB.*
500668,VB.* CC.* NN.* PM.* NN.*,,,,VB.* CC.* NN.* PM.* NN.*
500669,RB.* VB.* PR.* DT.* FW,,,,RB.* VB.* PR.* DT.* FW
500670,RB.* PM.* RB.* VB.* DT.*,,,,RB.* PM.* RB.* VB.* DT.*
500671,CC.* DT.* NN.* CC.* PR.*_CC.*,,,,CC.* DT.* NN.* CC.* PR.*_CC.*
500672,PR.*_CC.* NN.* PM.* VB.* PR.*,,,,PR.*_CC.* NN.* PM.* VB.* PR.*
500673,NN.* PM.* VB.* PR.* CC.*,,,,NN.* PM.* VB.* PR.* CC.*
500674,DT.* PR.* CC.* JJ.*_JJ.*_CC.* NN.*,,,,DT.* PR.* CC.* JJ.*_JJ.*_CC.* NN.*
500675,PR.* CC.* JJ.*_JJ.*_CC.* NN.* CC.*,,,,PR.* CC.* JJ.*_JJ.*_CC.* NN.* CC.*
500676,PR.*_CC.* NN.* DT.* VB.* CC.*,,,,PR.*_CC.* NN.* DT.* VB.* CC.*
500677,CC.* NN.* RB.* PR.* CC.*,,,,CC.* NN.* RB.* PR.* CC.*
500678,CC.* NN.*_CC.* JJ.* PM.* CC.*,,,,CC.* NN.*_CC.* JJ.* PM.* CC.*
500679,NN.* PM.* VB.* PM.* FW,,,,NN.* PM.* VB.* PM.* FW
500680,VB.* PM.* FW DT.* NN.*,,,,VB.* PM.* FW DT.* NN.*
500681,FW PM.* CC.* VB.* NN.*,,,,FW PM.* CC.* VB.* NN.*
500682,CC.* VB.* NN.* CC.* PR.*_CC.*,,,,CC.* VB.* NN.* CC.* PR.*_CC.*
500683,VB.* NN.* CC.* PR.*_CC.* FW,,,,VB.* NN.* CC.* PR.*_CC.* FW
500684,RB.* PR.*_CC.* VB.* DT.* DT.*,,,,RB.* PR.*_CC.* VB.* DT.* DT.*
500685,PR.*_CC.* VB.* DT.* DT.* NN.*,,,,PR.*_CC.* VB.* DT.* DT.* NN.*
500686,VB.* CC.* PR.*_CC.* FW CC.*,,,,VB.* CC.* PR.*_CC.* FW CC.*
500687,PR.* DT.* DT.* NN.* PM.*,,,,PR.* DT.* DT.* NN.* PM.*
500688,CC.* RB.* VB.* PM.* NN.*,,,,CC.* RB.* VB.* PM.* NN.*
500689,NN.* PM.* LM VB.* CC.*,,,,NN.* PM.* LM VB.* CC.*
500690,NN.* PM.* CC.* VB.* CC.*,,,,NN.* PM.* CC.* VB.* CC.*
500691,NN.* PM.* DT.* JJ.*_CC.* NN.*_CC.*,,,,NN.* PM.* DT.* JJ.*_CC.* NN.*_CC.*
500692,DT.* JJ.*_CC.* NN.*_CC.* NN.* NN.*,,,,DT.* JJ.*_CC.* NN.*_CC.* NN.* NN.*
500693,NN.* DT.* VB.* CC.* VB.*,,,,NN.* DT.* VB.* CC.* VB.*
500694,DT.* DT.* NN.* PM.* CC.*,,,,DT.* DT.* NN.* PM.* CC.*
500695,VB.* RB.* DT.* PR.*_CC.* NN.*,,,,VB.* RB.* DT.* PR.*_CC.* NN.*
500696,RB.* DT.* PR.*_CC.* NN.* CC.*,,,,RB.* DT.* PR.*_CC.* NN.* CC.*
500697,CC.* JJ.*_CC.* FW CC.* NN.*,,,,CC.* JJ.*_CC.* FW CC.* NN.*
500698,CC.* PR.* PR.*_CC.* NN.* CC.*,,,,CC.* PR.* PR.*_CC.* NN.* CC.*
500699,CC.* VB.* CC.* JJ.* PM.*,,,,CC.* VB.* CC.* JJ.* PM.*
500700,PR.* PM.* VB.* PM.* FW,,,,PR.* PM.* VB.* PM.* FW
500701,PM.* VB.* PM.* FW CC.*,,,,PM.* VB.* PM.* FW CC.*
500702,CC.* NN.* PR.* CC.* DT.*,,,,CC.* NN.* PR.* CC.* DT.*
500703,NN.* PR.* CC.* DT.* NN.*,,,,NN.* PR.* CC.* DT.* NN.*
500704,CC.* DT.* NN.* DT.* NN.*,,,,CC.* DT.* NN.* DT.* NN.*
500705,CC.* VB.* PM.* VB.* CC.*,,,,CC.* VB.* PM.* VB.* CC.*
500706,VB.* PM.* VB.* CC.* NN.*,,,,VB.* PM.* VB.* CC.* NN.*
500707,PM.* VB.* CC.* NN.* CC.*,,,,PM.* VB.* CC.* NN.* CC.*
500708,VB.* DT.* NN.* CC.* JJ.*_CC.*,,,,VB.* DT.* NN.* CC.* JJ.*_CC.*
500709,DT.* NN.* CC.* JJ.*_CC.* NN.*,,,,DT.* NN.* CC.* JJ.*_CC.* NN.*
500710,JJ.*_CC.* NN.* CC.* FW FW,,,,JJ.*_CC.* NN.* CC.* FW FW
500711,VB.* DT.* FW CC.* NN.*,,,,VB.* DT.* FW CC.* NN.*
500712,CC.* NN.* CC.* NN.* DT.*,,,,CC.* NN.* CC.* NN.* DT.*
500713,VB.* CD.* NN.* RB.* PR.*,,,,VB.* CD.* NN.* RB.* PR.*
500714,CC.* VB.*_CC.* NN.* CC.* NN.*,,,,CC.* VB.*_CC.* NN.* CC.* NN.*
500715,RB.* DT.* VB.* DT.* NN.*,,,,RB.* DT.* VB.* DT.* NN.*
500716,PM.* VB.* PR.*_CC.* VB.* CC.*,,,,PM.* VB.* PR.*_CC.* VB.* CC.*
500717,VB.* PR.*_CC.* VB.* CC.* PR.*_CC.*,,,,VB.* PR.*_CC.* VB.* CC.* PR.*_CC.*
500718,CC.* RB.* RB.* PR.* VB.*,,,,CC.* RB.* RB.* PR.* VB.*
500719,RB.* PR.* VB.* DT.* NN.*,,,,RB.* PR.* VB.* DT.* NN.*
500720,PR.* VB.* DT.* NN.* CC.*,,,,PR.* VB.* DT.* NN.* CC.*
500721,VB.* CC.* NN.* CC.* PR.*,,,,VB.* CC.* NN.* CC.* PR.*
500722,FW PM.* VB.* CC.* DT.*,,,,FW PM.* VB.* CC.* DT.*
500723,PM.* VB.* CC.* DT.* NN.*,,,,PM.* VB.* CC.* DT.* NN.*
500724,CC.* FW FW DT.* JJ.*_CC.*,,,,CC.* FW FW DT.* JJ.*_CC.*
500725,FW FW DT.* JJ.*_CC.* NN.*,,,,FW FW DT.* JJ.*_CC.* NN.*
500726,NN.* CC.* VB.* CC.* PR.*_CC.*,,,,NN.* CC.* VB.* CC.* PR.*_CC.*
500727,CC.* VB.* CC.* PR.*_CC.* NN.*,,,,CC.* VB.* CC.* PR.*_CC.* NN.*
500728,VB.* PR.* CC.* PR.*_CC.* NN.*_CC.*,,,,VB.* PR.* CC.* PR.*_CC.* NN.*_CC.*
500729,VB.* DT.* NN.* CC.* RB.*,,,,VB.* DT.* NN.* CC.* RB.*
500730,FW PM.* NN.* CC.* VB.*,,,,FW PM.* NN.* CC.* VB.*
500731,DT.* NN.* DT.* NN.* PM.*,,,,DT.* NN.* DT.* NN.* PM.*
500732,RB.* PM.* NN.* DT.* NN.*,,,,RB.* PM.* NN.* DT.* NN.*
500733,RB.* VB.* CC.* NN.* CC.*,,,,RB.* VB.* CC.* NN.* CC.*
500734,DT.* NN.* PR.* CC.* VB.*,,,,DT.* NN.* PR.* CC.* VB.*
500735,RB.* PM.* NN.* CC.* PR.*_CC.*,,,,RB.* PM.* NN.* CC.* PR.*_CC.*
500736,VB.* CC.* NN.*_CC.* PR.* PM.*,,,,VB.* CC.* NN.*_CC.* PR.* PM.*
500737,CC.* PR.* CC.* PR.*_CC.* NN.*,,,,CC.* PR.* CC.* PR.*_CC.* NN.*
500738,NN.* CC.* NN.* PM.* CC.*,,,,NN.* CC.* NN.* PM.* CC.*
500739,NN.* PM.* CC.* RB.* CC.*,,,,NN.* PM.* CC.* RB.* CC.*
500740,PM.* CC.* RB.* CC.* NN.*,,,,PM.* CC.* RB.* CC.* NN.*
500741,CC.* RB.* CC.* NN.* CC.*,,,,CC.* RB.* CC.* NN.* CC.*
500742,DT.* NN.* CC.* NN.* FW,,,,DT.* NN.* CC.* NN.* FW
500743,NN.* PR.* CC.* PR.*_CC.* NN.*,,,,NN.* PR.* CC.* PR.*_CC.* NN.*
500744,PR.* CC.* PR.*_CC.* NN.* CC.*,,,,PR.* CC.* PR.*_CC.* NN.* CC.*
500745,JJ.* RB.* DT.* NN.* CC.*,,,,JJ.* RB.* DT.* NN.* CC.*
500746,JJ.* JJ.* PR.* CC.* CC.*,,,,JJ.* JJ.* PR.* CC.* CC.*
500747,CC.* NN.*_CC.* PR.* PM.* JJ.*,,,,CC.* NN.*_CC.* PR.* PM.* JJ.*
500748,CC.* DT.* NN.* NN.* PM.*,,,,CC.* DT.* NN.* NN.* PM.*
500749,NN.* LM VB.* CC.* VB.*,,,,NN.* LM VB.* CC.* VB.*
500750,VB.*_VB.* CC.* NN.* CC.* NN.*,,,,VB.*_VB.* CC.* NN.* CC.* NN.*
500751,NN.* PM.* RB.* RB.* PR.*,,,,NN.* PM.* RB.* RB.* PR.*
500752,RB.* RB.* PR.* VB.* PM.*,,,,RB.* RB.* PR.* VB.* PM.*
500753,RB.* PR.* VB.* PM.* PR.*,,,,RB.* PR.* VB.* PM.* PR.*
500754,CC.* NN.* PM.* JJ.* PM.*,,,,CC.* NN.* PM.* JJ.* PM.*
500755,CC.* CC.* NN.* CC.* NN.*,,,,CC.* CC.* NN.* CC.* NN.*
500756,RB.* LM FW CC.* NN.*,,,,RB.* LM FW CC.* NN.*
500757,VB.* CC.* FW CC.* NN.*,,,,VB.* CC.* FW CC.* NN.*
500758,PR.*_CC.* VB.* DT.* NN.* NN.*,,,,PR.*_CC.* VB.* DT.* NN.* NN.*
500759,PM.* RB.* VB.* PM.* FW,,,,PM.* RB.* VB.* PM.* FW
500760,PM.* FW CC.* DT.* NN.*,,,,PM.* FW CC.* DT.* NN.*
500761,CC.* NN.* CC.* DT.* JJ.*_CC.*,,,,CC.* NN.* CC.* DT.* JJ.*_CC.*
500762,NN.* CC.* DT.* JJ.*_CC.* NN.*,,,,NN.* CC.* DT.* JJ.*_CC.* NN.*
500763,CC.* DT.* JJ.*_CC.* NN.* CC.*,,,,CC.* DT.* JJ.*_CC.* NN.* CC.*
500764,CC.* NN.* CC.* VB.* PR.*,,,,CC.* NN.* CC.* VB.* PR.*
500765,NN.* RB.* DT.* NN.* CC.*,,,,NN.* RB.* DT.* NN.* CC.*
500766,NN.* CC.* NN.* CC.* PM.*,,,,NN.* CC.* NN.* CC.* PM.*
500767,CC.* PM.* NN.* CC.* VB.*,,,,CC.* PM.* NN.* CC.* VB.*
500768,VB.* CC.* JJ.*_CC.* NN.* CC.*,,,,VB.* CC.* JJ.*_CC.* NN.* CC.*
500769,CC.* RB.* PR.* VB.* CC.*,,,,CC.* RB.* PR.* VB.* CC.*
500770,RB.* PR.* VB.* CC.* NN.*,,,,RB.* PR.* VB.* CC.* NN.*
500771,FW CC.* NN.* DT.* NN.*,,,,FW CC.* NN.* DT.* NN.*
500772,RB.* DT.* NN.* PM.* VB.*,,,,RB.* DT.* NN.* PM.* VB.*
500773,DT.* NN.* PM.* VB.* NN.*,,,,DT.* NN.* PM.* VB.* NN.*
500774,PM.* CC.* NN.* CC.* NN.*,,,,PM.* CC.* NN.* CC.* NN.*
500775,CC.* NN.* CC.* NN.* FW,,,,CC.* NN.* CC.* NN.* FW
500776,CC.* NN.* CC.* JJ.*_CC.* PR.*,,,,CC.* NN.* CC.* JJ.*_CC.* PR.*
500777,NN.* CC.* JJ.*_CC.* PR.* CC.*,,,,NN.* CC.* JJ.*_CC.* PR.* CC.*
500778,NN.* PM.* VB.* PR.* PM.*,,,,NN.* PM.* VB.* PR.* PM.*
500779,CC.* PM.* JJ.* CC.* NN.*,,,,CC.* PM.* JJ.* CC.* NN.*
500780,NN.* CC.* DT.* NN.* FW,,,,NN.* CC.* DT.* NN.* FW
500781,VB.* NN.* CC.* NN.*_CC.* VB.*,,,,VB.* NN.* CC.* NN.*_CC.* VB.*
500782,CC.* RB.* CC.* PR.*_CC.* NN.*,,,,CC.* RB.* CC.* PR.*_CC.* NN.*
500783,RB.* DT.* FW CC.* NN.*,,,,RB.* DT.* FW CC.* NN.*
500784,DT.* FW CC.* NN.* CC.*,,,,DT.* FW CC.* NN.* CC.*
500785,PM.* CC.* DT.* DT.* NN.*,,,,PM.* CC.* DT.* DT.* NN.*
500786,DT.* FW CC.* NN.* PM.*,,,,DT.* FW CC.* NN.* PM.*
500787,PM.* RB.* RB.* VB.* DT.*,,,,PM.* RB.* RB.* VB.* DT.*
500788,NN.* PM.* RB.* CC.* VB.*,,,,NN.* PM.* RB.* CC.* VB.*
500789,PM.* RB.* CC.* NN.* CC.*,,,,PM.* RB.* CC.* NN.* CC.*
500790,RB.* VB.* DT.* NN.* DT.*,,,,RB.* VB.* DT.* NN.* DT.*
500791,NN.* LM VB.* RB.* VB.*,,,,NN.* LM VB.* RB.* VB.*
500792,VB.*_VB.* CC.* DT.* NN.* CC.*,,,,VB.*_VB.* CC.* DT.* NN.* CC.*
500793,FW CC.* NN.* CC.* VB.*,,,,FW CC.* NN.* CC.* VB.*
500794,CC.* VB.* CC.* VB.* DT.*,,,,CC.* VB.* CC.* VB.* DT.*
500795,VB.* CC.* VB.* DT.* NN.*,,,,VB.* CC.* VB.* DT.* NN.*
500796,NN.* DT.* DT.* NN.* CC.*,,,,NN.* DT.* DT.* NN.* CC.*
500797,DT.* NN.* CC.* DT.* NN.*_CC.*,,,,DT.* NN.* CC.* DT.* NN.*_CC.*
500798,NN.* PM.* PR.* RB.* LM,,,,NN.* PM.* PR.* RB.* LM
500799,NN.* DT.* NN.* PM.* VB.*,,,,NN.* DT.* NN.* PM.* VB.*
500800,NN.* CC.* VB.* RB.* CC.*,,,,NN.* CC.* VB.* RB.* CC.*
500801,RB.* PM.* VB.*_CC.* VB.* DT.*,,,,RB.* PM.* VB.*_CC.* VB.* DT.*
500802,PM.* VB.*_CC.* VB.* DT.* DT.*,,,,PM.* VB.*_CC.* VB.* DT.* DT.*
500803,VB.*_CC.* VB.* DT.* DT.* NN.*,,,,VB.*_CC.* VB.* DT.* DT.* NN.*
500804,NN.* CC.* JJ.* DT.* DT.*,,,,NN.* CC.* JJ.* DT.* DT.*
500805,DT.* NN.* PM.* CC.* PM.*,,,,DT.* NN.* PM.* CC.* PM.*
500806,NN.* PM.* CC.* PM.* FW,,,,NN.* PM.* CC.* PM.* FW
500807,CC.* PM.* FW DT.* NN.*,,,,CC.* PM.* FW DT.* NN.*
500808,CC.* JJ.* CC.* NN.* CC.*,,,,CC.* JJ.* CC.* NN.* CC.*
500809,NN.* CC.* FW RB.* CC.*,,,,NN.* CC.* FW RB.* CC.*
500810,CC.* VB.* CC.* PR.*_CC.* FW,,,,CC.* VB.* CC.* PR.*_CC.* FW
500811,CC.* PR.*_CC.* FW CC.* NN.*,,,,CC.* PR.*_CC.* FW CC.* NN.*
500812,DT.* VB.* CC.* NN.* CC.*,,,,DT.* VB.* CC.* NN.* CC.*
500813,DT.* NN.* PM.* RB.* RB.*,,,,DT.* NN.* PM.* RB.* RB.*
500814,DT.* NN.* CC.* PM.* FW,,,,DT.* NN.* CC.* PM.* FW
500815,FW CC.* NN.* PR.* PM.*,,,,FW CC.* NN.* PR.* PM.*
500816,RB.* CC.* NN.* CC.* NN.*,,,,RB.* CC.* NN.* CC.* NN.*
500817,CC.* DT.* NN.* CC.* RB.*,,,,CC.* DT.* NN.* CC.* RB.*
500818,RB.*_CC.* VB.* CC.* NN.* NN.*,,,,RB.*_CC.* VB.* CC.* NN.* NN.*
500819,CC.* PM.* NN.* RB.* RB.*,,,,CC.* PM.* NN.* RB.* RB.*
500820,NN.* DT.* NN.* CC.* NN.*,,,,NN.* DT.* NN.* CC.* NN.*
500821,DT.* VB.*_VB.* CC.* DT.* NN.*,,,,DT.* VB.*_VB.* CC.* DT.* NN.*
500822,FW PM.* PM.* VB.* RB.*,,,,FW PM.* PM.* VB.* RB.*
500823,PM.* PM.* VB.* RB.* DT.*,,,,PM.* PM.* VB.* RB.* DT.*
500824,RB.* RB.* VB.* CC.* DT.*,,,,RB.* RB.* VB.* CC.* DT.*
500825,NN.* PM.* RB.* PR.* CC.*,,,,NN.* PM.* RB.* PR.* CC.*
500826,FW CC.* CC.* DT.* NN.*,,,,FW CC.* CC.* DT.* NN.*
500827,PM.* NN.* CC.* VB.* RB.*,,,,PM.* NN.* CC.* VB.* RB.*
500828,CC.* NN.* PM.* CC.* FW,,,,CC.* NN.* PM.* CC.* FW
500829,NN.* PM.* CC.* FW PM.*,,,,NN.* PM.* CC.* FW PM.*
500830,PM.* RB.*_CC.* VB.* CC.* NN.*,,,,PM.* RB.*_CC.* VB.* CC.* NN.*
500831,DT.* NN.* CC.* JJ.* RB.*,,,,DT.* NN.* CC.* JJ.* RB.*
500832,CC.* NN.* CC.* VB.* RB.*,,,,CC.* NN.* CC.* VB.* RB.*
500833,JJ.*_CC.* NN.* DT.* NN.* CC.*,,,,JJ.*_CC.* NN.* DT.* NN.* CC.*
500834,NN.* PM.* DT.* FW CC.*,,,,NN.* PM.* DT.* FW CC.*
500835,CC.* CC.* DT.* NN.* CC.*,,,,CC.* CC.* DT.* NN.* CC.*
500836,DT.* NN.* CC.* DT.* PR.*_CC.*,,,,DT.* NN.* CC.* DT.* PR.*_CC.*
500837,NN.* CC.* DT.* PR.*_CC.* FW,,,,NN.* CC.* DT.* PR.*_CC.* FW
500838,CC.* DT.* PR.*_CC.* FW FW,,,,CC.* DT.* PR.*_CC.* FW FW
500839,DT.* NN.* PM.* CC.* FW,,,,DT.* NN.* PM.* CC.* FW
500840,RB.* DT.* DT.* NN.* CC.*,,,,RB.* DT.* DT.* NN.* CC.*
500841,NN.* CC.* PR.* PM.* FW,,,,NN.* CC.* PR.* PM.* FW
500842,CC.* VB.* RB.* DT.* DT.*,,,,CC.* VB.* RB.* DT.* DT.*
500843,NN.*_CC.* VB.* RB.*_CC.* VB.* CC.*,,,,NN.*_CC.* VB.* RB.*_CC.* VB.* CC.*
500844,NN.* CC.* VB.* PR.*_CC.* VB.*,,,,NN.* CC.* VB.* PR.*_CC.* VB.*
500845,CC.* PR.*_CC.* NN.* PM.* DT.*,,,,CC.* PR.*_CC.* NN.* PM.* DT.*
500846,NN.* CC.* VB.* PR.*_CC.* FW,,,,NN.* CC.* VB.* PR.*_CC.* FW
500847,PM.* FW DT.* PR.*_CC.* NN.*,,,,PM.* FW DT.* PR.*_CC.* NN.*
500848,FW DT.* PR.*_CC.* NN.* NN.*,,,,FW DT.* PR.*_CC.* NN.* NN.*
500849,NN.* FW CC.* VB.* CC.*,,,,NN.* FW CC.* VB.* CC.*
500850,RB.* DT.* VB.* NN.* CC.*,,,,RB.* DT.* VB.* NN.* CC.*
500851,CC.* NN.* CC.* DT.* JJ.*,,,,CC.* NN.* CC.* DT.* JJ.*
500852,NN.* CC.* DT.* JJ.* PM.*,,,,NN.* CC.* DT.* JJ.* PM.*
500853,CC.* DT.* JJ.* PM.* NN.*,,,,CC.* DT.* JJ.* PM.* NN.*
500854,VB.* PR.* RB.* DT.* NN.*,,,,VB.* PR.* RB.* DT.* NN.*
500855,CC.* VB.* PR.* CC.* VB.*,,,,CC.* VB.* PR.* CC.* VB.*
500856,CC.* NN.* CC.* PM.* FW,,,,CC.* NN.* CC.* PM.* FW
500857,PR.* CC.* DT.* JJ.*_CC.* NN.*,,,,PR.* CC.* DT.* JJ.*_CC.* NN.*
500858,DT.* JJ.*_CC.* NN.* CC.* FW,,,,DT.* JJ.*_CC.* NN.* CC.* FW
500859,CC.* DT.* JJ.* PM.* CC.*,,,,CC.* DT.* JJ.* PM.* CC.*
500860,RB.*_CC.* VB.* PR.* CC.* NN.*,,,,RB.*_CC.* VB.* PR.* CC.* NN.*
500861,PR.* CC.* NN.* CC.* PR.*_CC.*,,,,PR.* CC.* NN.* CC.* PR.*_CC.*
500862,CC.* NN.* PM.* VB.* PM.*,,,,CC.* NN.* PM.* VB.* PM.*
500863,RB.* RB.*_CC.* VB.* DT.* NN.*,,,,RB.* RB.*_CC.* VB.* DT.* NN.*
500864,RB.*_CC.* VB.* DT.* NN.* CC.*,,,,RB.*_CC.* VB.* DT.* NN.* CC.*
500865,CC.* NN.* CC.* NN.*_CC.* JJ.*,,,,CC.* NN.* CC.* NN.*_CC.* JJ.*
500866,CC.* NN.* PR.* PM.* VB.*,,,,CC.* NN.* PR.* PM.* VB.*
500867,NN.* PR.* PM.* VB.* CC.*,,,,NN.* PR.* PM.* VB.* CC.*
500868,PR.* PM.* VB.* CC.* DT.*,,,,PR.* PM.* VB.* CC.* DT.*
500869,VB.* DT.* NN.* CC.* PR.*_CC.*,,,,VB.* DT.* NN.* CC.* PR.*_CC.*
500870,CC.* PR.*_CC.* NN.* PM.* CC.*,,,,CC.* PR.*_CC.* NN.* PM.* CC.*
500871,DT.* NN.*_CC.* NN.* PM.* RB.*,,,,DT.* NN.*_CC.* NN.* PM.* RB.*
500872,NN.* CC.* RB.* PR.* VB.*,,,,NN.* CC.* RB.* PR.* VB.*
500873,JJ.* CC.* DT.* NN.* PM.*,,,,JJ.* CC.* DT.* NN.* PM.*
500874,JJ.* CC.* NN.* CC.* VB.*,,,,JJ.* CC.* NN.* CC.* VB.*
500875,RB.*_CC.* VB.* CC.* FW CC.*,,,,RB.*_CC.* VB.* CC.* FW CC.*
500876,NN.* CC.* VB.* RB.* PR.*,,,,NN.* CC.* VB.* RB.* PR.*
500877,PR.* CC.* PR.*_CC.* NN.* RB.*,,,,PR.* CC.* PR.*_CC.* NN.* RB.*
500878,DT.* NN.* CC.* DT.* JJ.*_CC.*,,,,DT.* NN.* CC.* DT.* JJ.*_CC.*
500879,VB.* RB.*_CC.* VB.* CC.* NN.*,,,,VB.* RB.*_CC.* VB.* CC.* NN.*
500880,RB.*_CC.* NN.* CC.* NN.* CC.*,,,,RB.*_CC.* NN.* CC.* NN.* CC.*
500881,CC.* NN.* PM.* JJ.* CC.*,,,,CC.* NN.* PM.* JJ.* CC.*
500882,NN.* PM.* JJ.* CC.* DT.*,,,,NN.* PM.* JJ.* CC.* DT.*
500883,PM.* JJ.* CC.* DT.* NN.*,,,,PM.* JJ.* CC.* DT.* NN.*
500884,VB.* PR.* CC.* DT.* NN.*,,,,VB.* PR.* CC.* DT.* NN.*
500885,FW RB.* CC.* NN.* CC.*,,,,FW RB.* CC.* NN.* CC.*
500886,NN.* CC.* NN.* PM.* FW,,,,NN.* CC.* NN.* PM.* FW
500887,PM.* CC.* VB.* RB.* DT.*,,,,PM.* CC.* VB.* RB.* DT.*
500888,RB.* DT.* CC.* PM.* FW,,,,RB.* DT.* CC.* PM.* FW
500889,RB.* RB.* JJ.* PM.* FW,,,,RB.* RB.* JJ.* PM.* FW
500890,CC.* JJ.*_CC.* NN.* PM.* VB.*,,,,CC.* JJ.*_CC.* NN.* PM.* VB.*
500891,JJ.*_CC.* NN.* PM.* VB.* DT.*,,,,JJ.*_CC.* NN.* PM.* VB.* DT.*
500892,JJ.*_CC.* NN.* CC.* VB.* CC.*,,,,JJ.*_CC.* NN.* CC.* VB.* CC.*
500893,DT.* DT.* NN.* PR.* LM,,,,DT.* DT.* NN.* PR.* LM
500894,PR.* LM DT.* NN.* CC.*,,,,PR.* LM DT.* NN.* CC.*
500895,NN.* CC.* NN.* PM.* PR.*,,,,NN.* CC.* NN.* PM.* PR.*
500896,NN.* CC.* VB.*_VB.* CC.* VB.*,,,,NN.* CC.* VB.*_VB.* CC.* VB.*
500897,NN.* CC.* VB.* PR.* PM.*,,,,NN.* CC.* VB.* PR.* PM.*
500898,PR.*_CC.* NN.* CC.* VB.* PR.*,,,,PR.*_CC.* NN.* CC.* VB.* PR.*
500899,DT.* NN.* PM.* CC.* JJ.*,,,,DT.* NN.* PM.* CC.* JJ.*
500900,PM.* FW CC.* NN.* NN.*,,,,PM.* FW CC.* NN.* NN.*
500901,CC.* NN.* CC.* CC.* PM.*,,,,CC.* NN.* CC.* CC.* PM.*
500902,PR.* DT.* FW CC.* PR.*_CC.*,,,,PR.* DT.* FW CC.* PR.*_CC.*
500903,NN.* NN.* CC.* VB.* RB.*,,,,NN.* NN.* CC.* VB.* RB.*
500904,DT.* NN.* CC.* VB.* RB.*,,,,DT.* NN.* CC.* VB.* RB.*
500905,JJ.* CC.* NN.* CC.* DT.*,,,,JJ.* CC.* NN.* CC.* DT.*
500906,PR.*_CC.* NN.*_CC.* VB.* CC.* VB.*,,,,PR.*_CC.* NN.*_CC.* VB.* CC.* VB.*
500907,NN.* PM.* RB.* RB.* RB.*,,,,NN.* PM.* RB.* RB.* RB.*
500908,NN.* PM.* VB.* CC.* FW,,,,NN.* PM.* VB.* CC.* FW
500909,JJ.* CC.* PR.*_CC.* NN.* PM.*,,,,JJ.* CC.* PR.*_CC.* NN.* PM.*
500910,PM.* CC.* PM.* FW CC.*,,,,PM.* CC.* PM.* FW CC.*
500911,CC.* VB.* CC.* PM.* FW,,,,CC.* VB.* CC.* PM.* FW
500912,DT.* NN.* RB.* NN.* CC.*,,,,DT.* NN.* RB.* NN.* CC.*
500913,LM RB.* VB.* DT.* NN.*,,,,LM RB.* VB.* DT.* NN.*
500914,RB.* RB.* DT.* VB.* CC.*,,,,RB.* RB.* DT.* VB.* CC.*
500915,RB.* RB.* DT.* PR.*_CC.* NN.*,,,,RB.* RB.* DT.* PR.*_CC.* NN.*
500916,CC.* NN.* CC.* VB.* PR.*_CC.*,,,,CC.* NN.* CC.* VB.* PR.*_CC.*
500917,CC.* RB.* RB.* DT.* CC.*,,,,CC.* RB.* RB.* DT.* CC.*
500918,RB.* RB.* DT.* CC.* PM.*,,,,RB.* RB.* DT.* CC.* PM.*
500919,RB.* JJ.* CC.* NN.* CC.*,,,,RB.* JJ.* CC.* NN.* CC.*
500920,DT.* RB.* JJ.* CC.* NN.*,,,,DT.* RB.* JJ.* CC.* NN.*
500921,FW CC.* NN.* PM.* RB.*,,,,FW CC.* NN.* PM.* RB.*
500922,RB.* CC.* RB.* PR.* VB.*,,,,RB.* CC.* RB.* PR.* VB.*
500923,NN.* PM.* JJ.* CC.* NN.*,,,,NN.* PM.* JJ.* CC.* NN.*
500924,NN.* CC.* RB.* RB.* DT.*,,,,NN.* CC.* RB.* RB.* DT.*
500925,CC.* FW RB.* CC.* NN.*,,,,CC.* FW RB.* CC.* NN.*
500926,DT.* VB.* CC.* NN.* DT.*,,,,DT.* VB.* CC.* NN.* DT.*
500927,PM.* PR.* DT.* NN.* CC.*,,,,PM.* PR.* DT.* NN.* CC.*
500928,PR.* LM VB.*_VB.* CC.* DT.*,,,,PR.* LM VB.*_VB.* CC.* DT.*
500929,CC.* DT.* NN.*_CC.* VB.*_VB.* CC.*,,,,CC.* DT.* NN.*_CC.* VB.*_VB.* CC.*
500930,DT.* NN.*_CC.* VB.*_VB.* CC.* NN.*,,,,DT.* NN.*_CC.* VB.*_VB.* CC.* NN.*
500931,CC.* DT.* VB.* CC.* NN.*,,,,CC.* DT.* VB.* CC.* NN.*
500932,DT.* DT.* NN.* RB.* CC.*,,,,DT.* DT.* NN.* RB.* CC.*
500933,VB.* CC.* DT.* FW PM.*,,,,VB.* CC.* DT.* FW PM.*
500934,LM VB.* CC.* JJ.*_CC.* NN.*,,,,LM VB.* CC.* JJ.*_CC.* NN.*
500935,CC.* VB.*_VB.* CC.* DT.* FW,,,,CC.* VB.*_VB.* CC.* DT.* FW
500936,VB.*_VB.* CC.* DT.* FW FW,,,,VB.*_VB.* CC.* DT.* FW FW
500937,NN.* PM.* RB.* VB.* PM.*,,,,NN.* PM.* RB.* VB.* PM.*
500938,RB.* CC.* NN.* PM.* CC.*,,,,RB.* CC.* NN.* PM.* CC.*
500939,CC.* NN.* CC.* PR.* PM.*,,,,CC.* NN.* CC.* PR.* PM.*
500940,DTC NNC DTP NNP CCT,,,,DTC NNC DTP NNP CCT
500941,PMS NNC CCP RBF RBI,,,,PMS NNC CCP RBF RBI
500942,NNC CCP RBF RBI JJD,,,,NNC CCP RBF RBI JJD
500943,DTC CCR PMS JJD CCB,,,,DTC CCR PMS JJD CCB
500944,RBI PRO DTC NNC CCB,,,,RBI PRO DTC NNC CCB
500945,PRO DTC NNC CCB DTCP,,,,PRO DTC NNC CCB DTCP
500946,CCB DTCP NNC CCT NNC_CCP,,,,CCB DTCP NNC CCT NNC_CCP
500947,DTCP NNC CCT NNC_CCP JJD,,,,DTCP NNC CCT NNC_CCP JJD
500948,NNC CCT NNC_CCP JJD CCA,,,,NNC CCT NNC_CCP JJD CCA
500949,VBTR DTC DTCP NNC CCB,,,,VBTR DTC DTCP NNC CCB
500950,DTC DTCP NNC_CCP VBTR CCB,,,,DTC DTCP NNC_CCP VBTR CCB
500951,NNC_CCP VBTR CCB DTCP NNC,,,,NNC_CCP VBTR CCB DTCP NNC
500952,CCB NNC CCT RBT_CCP NNC,,,,CCB NNC CCT RBT_CCP NNC
500953,PMS FW CCT PRSP CCP,,,,PMS FW CCT PRSP CCP
500954,FW CCT PRSP CCP DTP,,,,FW CCT PRSP CCP DTP
500955,CCT PRSP CCP DTP NNP,,,,CCT PRSP CCP DTP NNP
500956,CCT NNC CCB PRI_CCP NNC,,,,CCT NNC CCB PRI_CCP NNC
500957,NNC CCB PRI_CCP NNC CCT,,,,NNC CCB PRI_CCP NNC CCT
500958,DTC JJD CCP NNC CCB,,,,DTC JJD CCP NNC CCB
500959,JJD_CCP FW FW DTP NNP,,,,JJD_CCP FW FW DTP NNP
500960,DTC DTCP NNC CCB FW,,,,DTC DTCP NNC CCB FW
500961,CCP VBOF DTC NNC CCB,,,,CCP VBOF DTC NNC CCB
500962,CCT NNC DTP NNP DTC,,,,CCT NNC DTP NNP DTC
500963,CCA VBW DTC DTCP VBAF,,,,CCA VBW DTC DTCP VBAF
500964,VBW DTC DTCP VBAF PMC,,,,VBW DTC DTCP VBAF PMC
500965,DTC DTCP VBAF PMC VBTS,,,,DTC DTCP VBAF PMC VBTS
500966,DTC NNC_CCP JJD CCT NNC,,,,DTC NNC_CCP JJD CCT NNC
500967,NNC_CCP JJD CCT NNC CCB,,,,NNC_CCP JJD CCT NNC CCB
500968,NNC CCP VBTS PMS FW,,,,NNC CCP VBTS PMS FW
500969,CCP VBTS PMS FW CCT,,,,CCP VBTS PMS FW CCT
500970,VBTS PMS FW CCT NNP,,,,VBTS PMS FW CCT NNP
500971,NNC DTP JJD_CCP NNP_CCP NNP,,,,NNC DTP JJD_CCP NNP_CCP NNP
500972,VBTS RBI DTP NNP CCP,,,,VBTS RBI DTP NNP CCP
500973,FW DTP NNP PMS CCA,,,,FW DTP NNP PMS CCA
500974,VBTR PRP DTC NNC CCB,,,,VBTR PRP DTC NNC CCB
500975,PRP DTC NNC CCB DTCP,,,,PRP DTC NNC CCB DTCP
500976,DTCP NNC JJC CCB NNP,,,,DTCP NNC JJC CCB NNP
500977,NNP CCT NNC CCB FW,,,,NNP CCT NNC CCB FW
500978,CCP DTC DTCP NNC CCB,,,,CCP DTC DTCP NNC CCB
500979,PRO LM VBTF CCT NNC,,,,PRO LM VBTF CCT NNC
500980,LM VBTF CCT NNC CCB,,,,LM VBTF CCT NNC CCB
500981,NNC CCT DTCP NNC_CCP PRO,,,,NNC CCT DTCP NNC_CCP PRO
500982,CCT DTCP NNC_CCP PRO PMC,,,,CCT DTCP NNC_CCP PRO PMC
500983,RBI CCB NNC DTP NNP,,,,RBI CCB NNC DTP NNP
500984,PMS VBOF DTC NNC CCB,,,,PMS VBOF DTC NNC CCB
500985,NNC CCB FW CCB JJD_CCP,,,,NNC CCB FW CCB JJD_CCP
500986,PRSP_CCP NNC CCB NNC CCT,,,,PRSP_CCP NNC CCB NNC CCT
500987,CCT CCR PMS VBTF DTP,,,,CCT CCR PMS VBTF DTP
500988,CCR PMS VBTF DTP NNP,,,,CCR PMS VBTF DTP NNP
500989,CCT JJD_CCP NNC CCB NNC,,,,CCT JJD_CCP NNC CCB NNC
500990,CCB NNC CCP DTP NNP,,,,CCB NNC CCP DTP NNP
500991,PMC VBTF RBI DTC NNC,,,,PMC VBTF RBI DTC NNC
500992,PRI_CCP NNC CCA RBF RBI,,,,PRI_CCP NNC CCA RBF RBI
500993,RBF RBI VBTS DTC NNC,,,,RBF RBI VBTS DTC NNC
500994,DTC CCR PMS FW CCB,,,,DTC CCR PMS FW CCB
500995,VBTR CCT VBOF DTC FW,,,,VBTR CCT VBOF DTC FW
500996,RBI PRL DTC NNC CCB,,,,RBI PRL DTC NNC CCB
500997,PRL DTC NNC CCB DTCP,,,,PRL DTC NNC CCB DTCP
500998,CCB NNC PRS_CCP DTP NNP,,,,CCB NNC PRS_CCP DTP NNP
500999,NNC PRS_CCP DTP NNP NNP,,,,NNC PRS_CCP DTP NNP NNP
501000,DTC JJN_CCP NNC DTP NNP,,,,DTC JJN_CCP NNC DTP NNP
501001,VBTR_VBAF CCT NNC CCB DTCP,,,,VBTR_VBAF CCT NNC CCB DTCP
501002,NNC CCB PRI_CCP NNC DTC,,,,NNC CCB PRI_CCP NNC DTC
501003,CCB PRI_CCP NNC DTC FW,,,,CCB PRI_CCP NNC DTC FW
501004,RBI DTC JJD CCP NNC,,,,RBI DTC JJD CCP NNC
501005,NNC CCB PRI_CCP NNP NNP,,,,NNC CCB PRI_CCP NNP NNP
501006,NNP NNP CCT PRI_CCP FW,,,,NNP NNP CCT PRI_CCP FW
501007,NNP CCT PRI_CCP FW FW,,,,NNP CCT PRI_CCP FW FW
501008,NNP NNP PMC JJD_CCP FW,,,,NNP NNP PMC JJD_CCP FW
501009,DTC DTCP NNC CCB NNP,,,,DTC DTCP NNC CCB NNP
501010,NNC CCB DTCP NNC_CCP VBTR,,,,NNC CCB DTCP NNC_CCP VBTR
501011,CCB DTCP NNC_CCP VBTR CCT,,,,CCB DTCP NNC_CCP VBTR CCT
501012,DTCP NNC_CCP VBTR CCT DTCP,,,,DTCP NNC_CCP VBTR CCT DTCP
501013,JJD DTC NNC DTP NNP,,,,JJD DTC NNC DTP NNP
501014,NNC DTP NNP CCT DTCP,,,,NNC DTP NNP CCT DTCP
501015,VBTR RBI CCB NNC PMS,,,,VBTR RBI CCB NNC PMS
501016,VBTS PRO CCT NNC CCB,,,,VBTS PRO CCT NNC CCB
501017,PRO CCT NNC CCB DTCP,,,,PRO CCT NNC CCB DTCP
501018,DTC NNC CCB DTCP JJD,,,,DTC NNC CCB DTCP JJD
501019,DTCP NNC_CCP VBTR CCB NNC,,,,DTCP NNC_CCP VBTR CCB NNC
501020,CCB NNPA CCT NNP PMC,,,,CCB NNPA CCT NNP PMC
501021,NNPA CCT JJD DTP NNP,,,,NNPA CCT JJD DTP NNP
501022,CCT NNC_CCP JJD CCB NNP,,,,CCT NNC_CCP JJD CCB NNP
501023,NNC_CCP JJD CCB NNP PMC,,,,NNC_CCP JJD CCB NNP PMC
501024,JJD CCB NNP PMC JJCC,,,,JJD CCB NNP PMC JJCC
501025,NNC CCB PRI_CCP NNC PMC,,,,NNC CCB PRI_CCP NNC PMC
501026,DTP NNP DTC NNC CCB,,,,DTP NNP DTC NNC CCB
501027,CCT DTCP NNC_CCP VBTR CCT,,,,CCT DTCP NNC_CCP VBTR CCT
501028,NNC DTP JJD_CCP NNP NNP,,,,NNC DTP JJD_CCP NNP NNP
501029,RBI CCT DTCP NNC CCB,,,,RBI CCT DTCP NNC CCB
501030,CCT DTCP NNC CCB NNPA,,,,CCT DTCP NNC CCB NNPA
501031,FW PMC NNC CCB JJD,,,,FW PMC NNC CCB JJD
501032,RBD CCP VBTR CCT DTCP,,,,RBD CCP VBTR CCT DTCP
501033,CCP VBTF CCB DTCP NNC,,,,CCP VBTF CCB DTCP NNC
501034,NNC CCB NNP CCA VBTS,,,,NNC CCB NNP CCA VBTS
501035,CCB NNP CCA VBTS CCT,,,,CCB NNP CCA VBTS CCT
501036,DTCP JJD PMS NNP CCT,,,,DTCP JJD PMS NNP CCT
501037,PRI_CCP NNC DTC FW FW,,,,PRI_CCP NNC DTC FW FW
501038,DTC PRI_CCP NNC CCT NNC,,,,DTC PRI_CCP NNC CCT NNC
501039,PMS NNP FW DTC NNC,,,,PMS NNP FW DTC NNC
501040,RBK RBQ VBH NNC DTC,,,,RBK RBQ VBH NNC DTC
501041,CCT PRSP_CCP DTCP NNC PMS,,,,CCT PRSP_CCP DTCP NNC PMS
501042,VBTR PRS DTC NNC CCT,,,,VBTR PRS DTC NNC CCT
501043,DTC NNC CCT NNP PMS,,,,DTC NNC CCT NNP PMS
501044,JJD CCP NNC CCB NNP,,,,JJD CCP NNC CCB NNP
501045,CCR VBAF CCP DTC NNC,,,,CCR VBAF CCP DTC NNC
501046,FW CCP VBTR CCB NNC,,,,FW CCP VBTR CCB NNC
501047,FW PMP PMS NNPA NNP,,,,FW PMP PMS NNPA NNP
501048,VBOF DTC DTCP NNC CCB,,,,VBOF DTC DTCP NNC CCB
501049,DTCP NNC CCB NNP CCP,,,,DTCP NNC CCB NNP CCP
501050,VBTF DTC PRSP_CCP FW FW,,,,VBTF DTC PRSP_CCP FW FW
501051,NNC CCT NNC CCB PRI_CCP,,,,NNC CCT NNC CCB PRI_CCP
501052,CCB DTCP NNC PMC RBF,,,,CCB DTCP NNC PMC RBF
501053,DTC CCR PMS NNC CCB,,,,DTC CCR PMS NNC CCB
501054,FW PMC CCA NNC CCB,,,,FW PMC CCA NNC CCB
501055,VBW CCA VBAF CCT NNC,,,,VBW CCA VBAF CCT NNC
501056,VBAF CCT NNC CCB FW,,,,VBAF CCT NNC CCB FW
501057,CCT NNC CCB FW PMS,,,,CCT NNC CCB FW PMS
501058,PRSP_CCP DTCP NNC PMS CCA,,,,PRSP_CCP DTCP NNC PMS CCA
501059,CCT NNC PMS FW CCB,,,,CCT NNC PMS FW CCB
501060,NNP FW DTC NNC CCB,,,,NNP FW DTC NNC CCB
501061,RBI DTP JJD_CCP NNP NNP,,,,RBI DTP JJD_CCP NNP NNP
501062,CCT CCR PMS NNC CCB,,,,CCT CCR PMS NNC CCB
501063,DTC FW CCP VBTS CCB,,,,DTC FW CCP VBTS CCB
501064,RBW DTC NNP CDB PMC,,,,RBW DTC NNP CDB PMC
501065,CCP VBOF DTC NNC CCT,,,,CCP VBOF DTC NNC CCT
501066,NNC CCB NNP RBK RBQ,,,,NNC CCB NNP RBK RBQ
501067,DTC NNC CCB PRSP_CCP NNC,,,,DTC NNC CCB PRSP_CCP NNC
501068,NNC CCP VBS CCB DTCP,,,,NNC CCP VBS CCB DTCP
501069,CCP VBS CCB DTCP NNC,,,,CCP VBS CCB DTCP NNC
501070,VBS CCB DTCP NNC CCA,,,,VBS CCB DTCP NNC CCA
501071,NNP CCT DTCP NNC CCB,,,,NNP CCT DTCP NNC CCB
501072,PRI_CCP FW FW CCT NNP,,,,PRI_CCP FW FW CCT NNP
501073,CCT NNC PMC VBTS RBI,,,,CCT NNC PMC VBTS RBI
501074,NNC PMC VBTS RBI CCB,,,,NNC PMC VBTS RBI CCB
501075,CCT PRI_CCP NNC CCT NNP,,,,CCT PRI_CCP NNC CCT NNP
501076,NNC CCT PRI_CCP NNC PMC,,,,NNC CCT PRI_CCP NNC PMC
501077,DTC PRI CCT JJCS_JJD_CCP NNC,,,,DTC PRI CCT JJCS_JJD_CCP NNC
501078,PRI CCT JJCS_JJD_CCP NNC CCB,,,,PRI CCT JJCS_JJD_CCP NNC CCB
501079,VBTS PMS FW DTP NNP,,,,VBTS PMS FW DTP NNP
501080,VBH NNC CCT PRI_CCP FW,,,,VBH NNC CCT PRI_CCP FW
501081,RBF PRP_CCP VBOF DTC DTCP,,,,RBF PRP_CCP VBOF DTC DTCP
501082,PRP_CCP VBOF DTC DTCP NNC,,,,PRP_CCP VBOF DTC DTCP NNC
501083,FW PMC VBOF DTC NNC,,,,FW PMC VBOF DTC NNC
501084,CCB DTCP NNC CCP VBTS,,,,CCB DTCP NNC CCP VBTS
501085,DTP JJD_CCP NNC_CCP NNP NNP,,,,DTP JJD_CCP NNC_CCP NNP NNP
501086,PMS FW CCT NNC PMC,,,,PMS FW CCT NNC PMC
501087,CCT DTCP NNC DTP NNP,,,,CCT DTCP NNC DTP NNP
501088,NNC CCT NNP PMC RBF,,,,NNC CCT NNP PMC RBF
501089,NNP PMC PRO PMS FW,,,,NNP PMC PRO PMS FW
501090,DTCP NNC_CCP VBTS CCT NNC,,,,DTCP NNC_CCP VBTS CCT NNC
501091,FW PMC VBTR CCP DTC,,,,FW PMC VBTR CCP DTC
501092,DTCP NNC CCP VBTR CCB,,,,DTCP NNC CCP VBTR CCB
501093,VBTS CCT NNC_CCP PRO PMC,,,,VBTS CCT NNC_CCP PRO PMC
501094,PRI_CCP NNC CCT NNP PMC,,,,PRI_CCP NNC CCT NNP PMC
501095,CCT NNP PMC RBF PRP,,,,CCT NNP PMC RBF PRP
501096,PMC RBW VBTS PMS FW,,,,PMC RBW VBTS PMS FW
501097,CCT NNC CCB DTCP JJD_CCP,,,,CCT NNC CCB DTCP JJD_CCP
501098,CCT NNC CCB NNP FW,,,,CCT NNC CCB NNP FW
501099,DTCP NNC DTP NNP CCT,,,,DTCP NNC DTP NNP CCT
501100,NNC CCT DTCP NNPA FW,,,,NNC CCT DTCP NNPA FW
501101,DTP NNP CCT NNC CCB,,,,DTP NNP CCT NNC CCB
501102,DTC NNC CCB DTCP NNC_CCP,,,,DTC NNC CCB DTCP NNC_CCP
501103,DTC DTCP NNC PMC CCA,,,,DTC DTCP NNC PMC CCA
501104,NNC CCB FW RBL CCT,,,,NNC CCB FW RBL CCT
501105,VBOF PRS CCT NNC CCB,,,,VBOF PRS CCT NNC CCB
501106,DTC VBTR CCB NNC CCT,,,,DTC VBTR CCB NNC CCT
501107,JJD DTC NNC CCB DTCP,,,,JJD DTC NNC CCB DTCP
501108,CCA VBTS DTC NNC CCT,,,,CCA VBTS DTC NNC CCT
501109,DTC NNC CCB NNP FW,,,,DTC NNC CCB NNP FW
501110,CCT NNC CCB NNPA PMC,,,,CCT NNC CCB NNPA PMC
501111,DTP NNP CCA DTC PRSP_CCP,,,,DTP NNP CCA DTC PRSP_CCP
501112,NNP CCA DTC PRSP_CCP FW,,,,NNP CCA DTC PRSP_CCP FW
501113,CCA DTC PRSP_CCP FW FW,,,,CCA DTC PRSP_CCP FW FW
501114,RBI DTC DTCP NNC CCP,,,,RBI DTC DTCP NNC CCP
501115,CCT NNC CCB PRSP_CCP NNC,,,,CCT NNC CCB PRSP_CCP NNC
501116,NNC CCB PRSP_CCP NNC PMC,,,,NNC CCB PRSP_CCP NNC PMC
501117,PMS FW DTC PRI_CCP NNP,,,,PMS FW DTC PRI_CCP NNP
501118,FW DTC PRI_CCP NNP NNP,,,,FW DTC PRI_CCP NNP NNP
501119,NNC CCB DTCP JJD PMS,,,,NNC CCB DTCP JJD PMS
501120,CCB DTCP JJD PMS NNP,,,,CCB DTCP JJD PMS NNP
501121,PRP CCB DTCP JJD_CCP NNC,,,,PRP CCB DTCP JJD_CCP NNC
501122,CCB DTCP JJD_CCP NNC CCT,,,,CCB DTCP JJD_CCP NNC CCT
501123,DTCP JJD_CCP NNC CCT FW,,,,DTCP JJD_CCP NNC CCT FW
501124,CCB DTCP JJD PMS CCR,,,,CCB DTCP JJD PMS CCR
501125,NNC DTC NNP CCT FW,,,,NNC DTC NNP CCT FW
501126,CCB DTCP NNC CCP VBOF,,,,CCB DTCP NNC CCP VBOF
501127,CCP VBTR CCB NNC CCA,,,,CCP VBTR CCB NNC CCA
501128,PMS FW DTP NNP CCB,,,,PMS FW DTP NNP CCB
501129,CCB NNC CCR VBOF RBI,,,,CCB NNC CCR VBOF RBI
501130,NNC CCT NNP PMS FW,,,,NNC CCT NNP PMS FW
501131,DTC DTCP NNC PRO LM,,,,DTC DTCP NNC PRO LM
501132,NNC CCB NNP CCP DTP,,,,NNC CCB NNP CCP DTP
501133,PRO LM DTC NNC CCB,,,,PRO LM DTC NNC CCB
501134,CCT PRSP_CCP NNC CCP VBTS,,,,CCT PRSP_CCP NNC CCP VBTS
501135,PMS FW CCT NNC CCB,,,,PMS FW CCT NNC CCB
501136,CCT DTCP NNC CCB NNP,,,,CCT DTCP NNC CCB NNP
501137,RBF JJD CCP NNC CCB,,,,RBF JJD CCP NNC CCB
501138,DTCP NNC CCP VBTS CCT,,,,DTCP NNC CCP VBTS CCT
501139,CCT NNC DTP NNP CCA,,,,CCT NNC DTP NNP CCA
501140,PRO LM VBTR_VBAF CCT DTCP,,,,PRO LM VBTR_VBAF CCT DTCP
501141,DTCP NNC_CCP VBTR_VBAF CCB NNC,,,,DTCP NNC_CCP VBTR_VBAF CCB NNC
501142,FW FW CCT PRI_CCP NNC,,,,FW FW CCT PRI_CCP NNC
501211,CC.* DT.* NN.* CC.* NNC_CCP,,,,CC.* DT.* NN.* CC.* NNC_CCP
501256,CC.* JJ.* PRP_CCP VB.* CC.*,,,,CC.* JJ.* PRP_CCP VB.* CC.*
501277,NNC_CCP VB.* CC.* DT.* NN.*,,,,NNC_CCP VB.* CC.* DT.* NN.*
501279,RB.* RBD_CCP VB.* CC.* NN.*,,,,RB.* RBD_CCP VB.* CC.* NN.*
501297,RB.* PRP_CCP VB.* DT.* NN.*,,,,RB.* PRP_CCP VB.* DT.* NN.*
501386,JJD_CCP FW FW DT.* NN.*,,,,JJD_CCP FW FW DT.* NN.*
501439,NNC_CCP JJ.* CC.* NN.* CC.*,,,,NNC_CCP JJ.* CC.* NN.* CC.*
501474,CC.* JJCS_JJD_CCP NN.* CC.* NN.*,,,,CC.* JJCS_JJD_CCP NN.* CC.* NN.*
501520,CC.* JJD_CCP FW FW CC.*,,,,CC.* JJD_CCP FW FW CC.*
501602,RBD_CCP VB.* CC.* DT.* FW,,,,RBD_CCP VB.* CC.* DT.* FW
501616,JJD_CCP NN.* DT.* VB.* CC.*,,,,JJD_CCP NN.* DT.* VB.* CC.*
501676,CC.* PRI_CCP NN.* FW CC.*,,,,CC.* PRI_CCP NN.* FW CC.*
501732,JJD_CCP NN.* PR.* DT.* NN.*,,,,JJD_CCP NN.* PR.* DT.* NN.*
501757,NN.* CC.* NN.* PRS_CCP DT.*,,,,NN.* CC.* NN.* PRS_CCP DT.*
501760,NN.* PRS_CCP DT.* NN.* NN.*,,,,NN.* PRS_CCP DT.* NN.* NN.*
501773,DT.* NN.* LM RB.* VBTR_VBAF,,,,DT.* NN.* LM RB.* VBTR_VBAF
501801,NN.* PM.* JJD_CCP FW CC.*,,,,NN.* PM.* JJD_CCP FW CC.*
501862,JJD_CCP NN.* CC.* NN.* CC.*,,,,JJD_CCP NN.* CC.* NN.* CC.*
501959,CC.* NNC_CCP VB.* CC.* NN.*,,,,CC.* NNC_CCP VB.* CC.* NN.*
502176,RBD_CCP VB.* CC.* NN.* DT.*,,,,RBD_CCP VB.* CC.* NN.* DT.*
502211,JJD_CCP NN.* NN.* FW CC.*,,,,JJD_CCP NN.* NN.* FW CC.*
502233,NNC_CCP VB.* CC.* VB.* CC.*,,,,NNC_CCP VB.* CC.* VB.* CC.*
502247,CC.* PR.* RBI_CCP FW FW,,,,CC.* PR.* RBI_CCP FW FW
502248,PR.* RBI_CCP FW FW CC.*,,,,PR.* RBI_CCP FW FW CC.*
502315,CC.* RBD_CCP VB.* CC.* NN.*,,,,CC.* RBD_CCP VB.* CC.* NN.*
502349,PRI_CCP FW FW CC.* NN.*,,,,PRI_CCP FW FW CC.* NN.*
502416,RB.* PRP_CCP VB.* DT.* DT.*,,,,RB.* PRP_CCP VB.* DT.* DT.*
502417,PRP_CCP VB.* DT.* DT.* NN.*,,,,PRP_CCP VB.* DT.* DT.* NN.*
502438,CC.* JJD_CCP FW CC.* NN.*,,,,CC.* JJD_CCP FW CC.* NN.*
502466,JJD_CCP NN.* CC.* FW FW,,,,JJD_CCP NN.* CC.* FW FW
502599,VBTR_VBAF CC.* DT.* NN.* CC.*,,,,VBTR_VBAF CC.* DT.* NN.* CC.*
502681,NNC_CCP VB.* RBI_CCP VB.* CC.*,,,,NNC_CCP VB.* RBI_CCP VB.* CC.*
502714,RBT_CCP VB.* DT.* NN.* CC.*,,,,RBT_CCP VB.* DT.* NN.* CC.*
502763,JJD_CCP NN.* CC.* VB.* CC.*,,,,JJD_CCP NN.* CC.* VB.* CC.*
502801,CC.* NN.* CC.* VB.* PRP_CCP,,,,CC.* NN.* CC.* VB.* PRP_CCP
502833,CC.* VBTR_VBAF CC.* DT.* FW,,,,CC.* VBTR_VBAF CC.* DT.* FW
502834,VBTR_VBAF CC.* DT.* FW FW,,,,VBTR_VBAF CC.* DT.* FW FW
